store_branch_id,store_id,lat,lng
aff1621254f7c1be92f64550478c56e6,92cc227532d17e56e07902b254dfad10,-33.422497,-70.609231
56352739f59643540a3a6e16985f62c7,0336dcbab05b9d5ad24f4333c7658a0e,-33.385484,-70.555579
7d04bbbe5494ae9d2f5a76aa1c00fa2f,9bf31c7ff062936a96d3c8bd1f8f2ff3,-33.416579,-70.565224
2b24d495052a8ce66358eb576b8912c8,c4ca4238a0b923820dcc509a6f75849b,-33.5125776,-70.6559515
5487315b1286f907165907aa8fc96619,d82c8d1619ad8176d665453cfb2e55f0,-33.347645,-70.542229
24146db4eb48c718b84cae0a0799dcfc,5fd0b37cd7dbbb00f97ba6ce92bf5add,-33.404418,-70.597078
6e0721b2c6977135b916ef286bcb49ec,32bb90e8976aab5298d5da10fe66f21d,-33.41907,-70.551128
a981f2b708044d6fb4a71a1463242520,c4ca4238a0b923820dcc509a6f75849b,-33.516349,-70.708798
c5ab0bc60ac7929182aadd08703f1ec6,c0c7c76d30bd3dcaefc96f40275bdc0a,-33.455672,-70.58563
8bb88f80d334b1869781beb89f7b73be,1700002963a49da13542e0726b7bb758,-33.398621,-70.598018
c366c2c97d47b02b24c3ecade4c40a01,c86a7ee3d8ef0b551ed58e354a836f2b,-33.355406,-70.537186
8d8818c8e140c64c743113f563cf750f,d61e4bbd6393c9111e6526ea173a7c8b,-33.432952,-70.601684
d1f491a404d6854880943e5c3cd9ca25,9bf31c7ff062936a96d3c8bd1f8f2ff3,-33.428466,-70.540343
bca82e41ee7b0833588399b1fcd177c7,f7177163c833dff4b38fc8d2872f1ec6,-33.419042,-70.572607
39cd7b469beae7c617c73e0d008195ef,a89cf525e1d9f04d16ce31165e139a4b,-33.413698,-70.578663
795c7a7a5ec6b460ec00c5841019b9e9,9778d5d219c5080b9a6a17bef029331c,-33.521884,-70.597233
07563a3fe3bbe7e3ba84431ad9d055af,c4ca4238a0b923820dcc509a6f75849b,-33.008213,-71.545615
872488f88d1b2db54d55bc8bba2fad1b,735b90b4568125ed6c3f678819b6e058,-33.347645,-70.542229
602d1305678a8d5fdb372271e980da6a,9778d5d219c5080b9a6a17bef029331c,-33.5118,-70.656915
087408522c31eeb1f982bc0eaf81d35f,c4ca4238a0b923820dcc509a6f75849b,-36.828629,-73.060345
540ae6b0f6ac6e155062f3dd4f0b2b01,3644a684f98ea8fe223c713b77189a77,-33.409534,-70.567352
6c1da886822c67822bcf3679d04369fa,65b9eea6e1cc6bb9f0cd2a47751a186f,-32.9584868539,-71.5437147503
1373b284bc381890049e92d324f56de0,1ff8a7b5dc7a7d1f0ed65aaa29c04b1e,-33.0088544,-71.5485614
6e62a992c676f611616097dbea8ea030,f899139df5e1059396431415e770c6dd,-33.422007,-70.609839
2e65f2f2fdaf6c699b223c61b1b5ab89,03afdbd66e7929b125f8597834fa83a4,-33.366062,-70.670513
01e00f2f4bfcbb7505cb641066f2859b,f90f2aca5c640289d0a29417bcb63a37,-36.828592,-73.049248
9a1de01f893e0d2551ecbb7ce4dc963e,6da9003b743b65f4c0ccd295cc484e57,-33.4095335,-70.5673523
43fa7f58b7eac7ac872209342e62e8f1,d1fe173d08e959397adf34b1d77e88d7,-33.35758,-70.515266
a9be4c2a4041cadbf9d61ae16dd1389e,8f85517967795eeef66c225f7883bdcb,-33.39109,-70.55206
b887d8d5e65ac4dec3934028fe23ad72,6c3cf77d52820cd0fe646d38bc2145ca,-33.39409,-70.571154
5751ec3e9a4feab575962e78e006250d,c4ca4238a0b923820dcc509a6f75849b,-33.4630009,-70.5753013
fec8d47d412bcbeece3d9128ae855a7a,26657d5ff9020d2abefe558796b99584,-33.401876,-70.514344
f52854cc99ae1c1966b0a21d0127975b,f5deaeeae1538fb6c45901d524ee2f98,-33.380905,-70.544209
9cb9ed4f35cf7c2f295cc2bc6f732a84,9bf31c7ff062936a96d3c8bd1f8f2ff3,-33.435371,-70.6515
411ae1bf081d1674ca6091f8c59a266f,084b6fbb10729ed4da8c3d3f5a3ae7c9,-33.008917,-71.548186
45fbc6d3e05ebd93369ce542e8f2322d,c4ca4238a0b923820dcc509a6f75849b,-33.441246,-70.53545
9bb6dee73b8b0ca97466ccb24fff3139,05f971b5ec196b8c65b75d2ef8267331,-33.4318905914,-70.6448188307
185c29dc24325934ee377cfda20e414c,c0c7c76d30bd3dcaefc96f40275bdc0a,-33.376372,-70.525559
26657d5ff9020d2abefe558796b99584,6f4922f45568161a8cdf4ad2299f6d23,-33.355373,-70.538246
6a2feef8ed6a9fe76d6b3f30f02150b4,a87ff679a2f3e71d9181a67b7542122c,-33.285624,-70.699936
4d6e4749289c4ec58c0063a90deb3964,9188905e74c28e489b44e954ec0b9bca,-33.423267,-70.612204
3c59dc048e8850243be8079a5c74d079,c20ad4d76fe97759aa27a0c99bff6710,-33.386212,-70.57549
5a01f0597ac4bdf35c24846734ee9a76,acf4b89d3d503d8252c9c4ba75ddbf6d,-33.381289,-70.570993
0fcbc61acd0479dc77e3cccc0f5ffca7,9bf31c7ff062936a96d3c8bd1f8f2ff3,-33.285939,-70.675659
ba2fd310dcaa8781a9a652a31baf3c68,e369853df766fa44e1ed0ff613f563bd,-33.008891,-71.548654
26dd0dbc6e3f4c8043749885523d6a25,c0c7c76d30bd3dcaefc96f40275bdc0a,-33.352717,-70.52058
b5a1d925221b37e2e399f7b319038ba0,160c88652d47d0be60bfbfed25111412,-33.406546,-70.599482
8ce6790cc6a94e65f17f908f462fae85,02522a2b2726fb0a03bb19f2d8d9524d,-33.447476,-70.622235
36ed197b3f31618fdbadb3df86f804bd,27ed0fb950b856b06e1273989422e7d3,-33.352274,-70.519955
b7bb35b9c6ca2aee2df08cf09d7016c2,c0c7c76d30bd3dcaefc96f40275bdc0a,-36.826222,-73.049426
bad5f33780c42f2588878a9d07405083,4c5bde74a8f110656874902f07378009,-33.409427,-70.567352
54a367d629152b720749e187b3eaa11b,c9e1074f5b3f9fc8ea15d152add07294,-33.440255,-70.535998
0e7e05fa1026b0c5459267608ae320b8,2290a7385ed77cc5592dc2153229f082,-33.39933,-70.581981
55b37c5c270e5d84c793e486d798c01d,c0c7c76d30bd3dcaefc96f40275bdc0a,-33.440251,-70.841475
bffc98347ee35b3ead06728d6f073c68,63dc7ed1010d3c3b8269faf0ba7491d4,-33.420668,-70.609809
f9028faec74be6ec9b852b0a542e2f39,7647966b7343c29048673252e490f736,-33.341921,-70.52099
370bfb31abd222b582245b977ea5f25a,6e0721b2c6977135b916ef286bcb49ec,-33.458603,-70.605751
9461cce28ebe3e76fb4b931c35a169b0,c4ca4238a0b923820dcc509a6f75849b,-33.364106,-70.679271
6855456e2fe46a9d49d3d3af4f57443d,d645920e395fedad7bbbed0eca3fe2e0,-33.414213,-70.598768
97af4fb322bb5c8973ade16764156bed,14bfa6bb14875e45bba028a21ed38046,-33.351126,-70.510419
8217bb4e7fa0541e0f5e04fea764ab91,c22abfa379f38b5b0411bc11fa9bf92f,-33.38874,-70.545111
df7f28ac89ca37bf1abd2f6c184fe1cf,7cbbc409ec990f19c78c75bd1e06f215,-33.438689,-70.564076
18997733ec258a9fcaf239cc55d53363,9bf31c7ff062936a96d3c8bd1f8f2ff3,-33.385436,-70.555888
bdc4626aa1d1df8e14d80d345b2a442d,fe131d7f5a6b38b23cc967316c13dae2,-33.285241,-70.680769
734e6bfcd358e25ac1db0a4241b95651,8597a6cfa74defcbde3047c891d78f90,-33.402943,-70.578144
883e881bb4d22a7add958f2d6b052c9f,f899139df5e1059396431415e770c6dd,-33.415388,-70.540404
a941493eeea57ede8214fd77d41806bc,d296c101daa88a51f6ca8cfc1ac79b50,-33.388138,-70.554049
af3303f852abeccd793068486a391626,816b112c6105b3ebd537828a39af4818,-33.386316,-70.553255
217e342fc01668b10cb1188d40d3370e,f7177163c833dff4b38fc8d2872f1ec6,-33.362969,-70.511611
c5cc17e395d3049b03e0f1ccebb02b4d,c4ca4238a0b923820dcc509a6f75849b,-29.901425,-71.257707
3621f1454cacf995530ea53652ddf8fb,c74d97b01eae257e44aa9d5bade97baf,-33.412319,-70.512059
ce5140df15d046a66883807d18d0264b,5fd0b37cd7dbbb00f97ba6ce92bf5add,-33.452438,-70.56947
013a006f03dbc5392effeb8f18fda755,2a38a4a9316c49e5a833517c45d31070,-33.3901,-70.587097
008bd5ad93b754d500338c253d9c1770,ddb30680a691d157187ee1cf9e896d03,-32.933843,-71.530328
b83aac23b9528732c23cc7352950e880,e369853df766fa44e1ed0ff613f563bd,-33.402581,-70.577315
45c48cce2e2d7fbdea1afc51c7c6ad26,a87ff679a2f3e71d9181a67b7542122c,-33.4312825,-70.57874
426f990b332ef8193a61cc90516c1245,f0e52b27a7a5d6a1a87373dffa53dbe5,-33.277754,-70.627766
4ba3c163cd1efd4c14e3a415fa0a3010,f340f1b1f65b6df5b5e3f94d95b11daf,-33.392647,-70.515139
cb12d7f933e7d102c52231bf62b8a678,20aee3a5f4643755a79ee5f6a73050ac,-33.443461,-70.643512
8d317bdcf4aafcfc22149d77babee96d,3295c76acbf4caaed33c36b1b5fc2cb1,-33.405987,-70.543854
d82118376df344b0010f53909b961db3,9778d5d219c5080b9a6a17bef029331c,-33.386541,-70.56791
afda332245e2af431fb7b672a68b659d,f033ab37c30201f73f142449d037028d,-33.383812,-70.573672
2b38c2df6a49b97f706ec9148ce48d86,1385974ed5904a438616ff7bdb3f7439,-33.45465,-70.623436
670e8a43b246801ca1eaca97b3e19189,d1fe173d08e959397adf34b1d77e88d7,-33.417896,-70.607532
1f71e393b3809197ed66df836fe833e5,1068c6e4c8051cfd4e9ea8072e3189e2,-33.413773,-70.584101
e1696007be4eefb81b1a1d39ce48681b,084b6fbb10729ed4da8c3d3f5a3ae7c9,-33.452438,-70.56947
dc87c13749315c7217cdc4ac692e704c,38af86134b65d0f10fe33d30dd76442e,-33.398803,-70.59777
85f007f8c50dd25f5a45fca73cad64bd,24b16fede9a67c9251d3e7c7161c83ac,-33.425332,-70.564765
443cb001c138b2561a0d90720d6ce111,c0c7c76d30bd3dcaefc96f40275bdc0a,-32.958554,-71.544213
1f0e3dad99908345f7439f8ffabdffc4,c4ca4238a0b923820dcc509a6f75849b,-33.3865471,-70.5680753
9c01802ddb981e6bcfbec0f0516b8e35,f899139df5e1059396431415e770c6dd,-33.413978,-70.600482
4491777b1aa8b5b32c2e8666dbe1a495,b0b183c207f46f0cca7dc63b2604f5cc,-33.38874,-70.545111
62889e73828c756c961c5a6d6c01a463,34173cb38f07f89ddbebc2ac9128303f,-33.5187624011,-70.5992866645
2d00f43f07911355d4151f13925ff292,1068c6e4c8051cfd4e9ea8072e3189e2,-33.440835,-70.535232
36a16a2505369e0c922b6ea7a23a56d2,a0a080f42e6f13b3a2df133f073095dd,-33.351031,-70.509748
ab233b682ec355648e7891e66c54191b,c0c7c76d30bd3dcaefc96f40275bdc0a,-33.467678,-70.731483
7eb3c8be3d411e8ebfab08eba5f49632,34173cb38f07f89ddbebc2ac9128303f,-33.389646,-70.569166
6cd67d9b6f0150c77bda2eda01ae484c,072b030ba126b2f4b2374f342be9ed44,-33.422551,-70.564469
130f1a8e9e102707f3f91b010f151b0b,3cec07e9ba5f5bb252d13f5f431e4bbb,-33.386505,-70.569999
489d0396e6826eb0c1e611d82ca8b215,58a2fc6ed39fd083f55d4182bf88826d,-33.285519,-70.681544
845f3cb43a07259b2e4724dfa5c5c0d1,147702db07145348245dc5a2f2fe5683,-33.443941,-70.56179
a486cd07e4ac3d270571622f4f316ec5,c4ca4238a0b923820dcc509a6f75849b,-33.631583,-70.710362
39ea40e164f970c54b0530436d5a9f7a,7e7e69ea3384874304911625ac34321c,-33.405622,-70.573625
1ef91c212e30e14bf125e9374262401f,6a9aeddfc689c1d0e3b9ccc3ab651bc5,-32.940396,-71.546217
a8f8f60264024dca151f164729b76c0b,84d9ee44e457ddef7f2c4f25dc8fa865,-33.383659,-70.573444
1d94108e907bb8311d8802b48fd54b4a,8757150decbd89b0f5442ca3db4d0e0e,-33.409821,-70.567451
b6f0479ae87d244975439c6124592772,a87ff679a2f3e71d9181a67b7542122c,-33.479919,-70.752381
5fa9e41bfec0725742cc9d15ef594120,b7b16ecf8ca53723593894116071700c,-33.42591,-70.577487
92426b262d11b0ade77387cf8416e153,08d98638c6fcd194a4b1e6992063e944,-33.373539,-70.518173
f50a6c02a3fc5a3a5d4d9391f05f3efc,e3796ae838835da0b6f6ea37bcf8bcb7,-33.381697,-70.536477
1cd138d0499a68f4bb72bee04bbec2d7,fc8001f834f6a5f0561080d134d53d29,-33.440823,-70.533188
53ed35c74a2ec275b837374f04396c03,647bba344396e7c8170902bcf2e15551,-33.425203,-70.562614
4e8412ad48562e3c9934f45c3e144d48,3636638817772e42b59d74cff571fbb3,-33.442361,-70.651043
52292e0c763fd027c6eba6b8f494d2eb,42a0e188f5033bc65bf8d78622277c4e,-33.416656,-70.606892
9cc138f8dc04cbf16240daa92d8d50e2,c0c7c76d30bd3dcaefc96f40275bdc0a,-33.499642,-70.654192
8fb5f8be2aa9d6c64a04e3ab9f63feee,9a1158154dfa42caddbd0694a4e9bdc8,-33.395636,-70.505318
43b52842663fa6e4100c72751d08de6f,a7d8ae4569120b5bec12e7b6e9648b86,-33.41004,-70.567572
9683cc5f89562ea48e72bb321d9f03fb,8f53295a73878494e9bc8dd6c3c7104f,-33.439438,-70.55538
eaa32c96f620053cf442ad32258076b9,0e65972dce68dad4d52d063967f0a705,-33.427489,-70.554404
95151403b0db4f75bfd8da0b393af853,34173cb38f07f89ddbebc2ac9128303f,-33.413773,-70.584101
df6d2338b2b8fce1ec2f6dda0a630eb0,c9e1074f5b3f9fc8ea15d152add07294,-33.511006,-70.607651
c3d377d10b13f8b39bf1218a60fe77b1,9c01802ddb981e6bcfbec0f0516b8e35,-33.360802,-70.515778
e4a6222cdb5b34375400904f03d8e6a5,9bf31c7ff062936a96d3c8bd1f8f2ff3,-33.45584,-70.586746
ccb0989662211f61edae2e26d58ea92f,a3f390d88e4c41f2747bfa2f1b5f87db,-33.355428,-70.537503
4ea6a546c19499318091a9df40a13181,43fa7f58b7eac7ac872209342e62e8f1,-33.412419,-70.57907
ac73001b1d44f4925449ce09d9f5d5ca,024d7f84fff11dd7e8d9c510137a2381,-33.423485,-70.61042
4c144c47ecba6f8318128703ca9e2601,941e1aaaba585b952b62c14a3a175a61,-33.39562,-70.572127
97d0145823aeb8ed80617be62e08bdcc,c4ca4238a0b923820dcc509a6f75849b,-33.5413536,-70.7677613
903ce9225fca3e988c2af215d4e544d3,a87ff679a2f3e71d9181a67b7542122c,-33.4867883,-70.6508589
a38b16173474ba8b1a95bcbc30d3b8a5,1068c6e4c8051cfd4e9ea8072e3189e2,-33.35758,-70.515266
7fb8ceb3bd59c7956b1df66729296a4c,e96ed478dab8595a7dbda4cbcbee168f,-33.382914,-70.572487
06fe1c234519f6812fc4c1baae25d6af,918317b57931b6b7a7d29490fe5ec9f9,-33.359768,-70.543273
f83630579d055dc5843ae693e7cdafe0,5d44ee6f2c3f71b73125876103c8f6c4,-33.424454,-70.59198
d3d80b656929a5bc0fa34381bf42fbdd,e0ec453e28e061cc58ac43f91dc2f3f0,-33.390915,-70.571526
5c572eca050594c7bc3c36e7e8ab9550,ea5d2f1c4608232e07d3aa3d998e5135,-33.388139,-70.564639
731ae30af8750c2d28720ea3c1f8c2b1,4e0cb6fb5fb446d1c92ede2ed8780188,-33.427431,-70.578561
faafda66202d234463057972460c04f5,03c6b06952c750899bb03d998e631860,-33.414851,-70.588207
c2626d850c80ea07e7511bbae4c76f4b,68d30a9594728bc39aa24be94b319d21,-33.388057,-70.577558
add217938e07bb1fd8796e0315b88c10,e369853df766fa44e1ed0ff613f563bd,-33.517613,-70.598084
bc4e356fee1972242c8f7eabf4dff517,d4c2e4a3297fe25a71d030b67eb83bfc,-33.401487,-70.577024
2b3bf3eee2475e03885a110e9acaab61,f899139df5e1059396431415e770c6dd,-36.829551,-73.065254
6d9c547cf146054a5a720606a7694467,eecca5b6365d9607ee5a9d336962c534,-33.413616,-70.558354
f79921bbae40a577928b76d2fc3edc2a,9a1158154dfa42caddbd0694a4e9bdc8,-33.357392,-70.516489
dd28e50635038e9cf3a648c2dd17ad0a,0fcbc61acd0479dc77e3cccc0f5ffca7,-33.384479,-70.573919
854d9fca60b4bd07f9bb215d59ef5561,e369853df766fa44e1ed0ff613f563bd,-33.352549,-70.52074
cfbce4c1d7c425baf21d6b6f2babe6be,3295c76acbf4caaed33c36b1b5fc2cb1,-33.00956,-71.545877
8baca01b732cf56f7ce83df216514363,a7d8ae4569120b5bec12e7b6e9648b86,-33.452438,-70.56947
e0c641195b27425bb056ac56f8953d24,a87ff679a2f3e71d9181a67b7542122c,-33.496613,-70.757923
4311359ed4969e8401880e3c1836fbe1,f899139df5e1059396431415e770c6dd,-33.380573,-70.571049
f52378e14237225a6f6c7d802dc6abbd,4c5bde74a8f110656874902f07378009,-33.40213,-70.593113
84438b7aae55a0638073ef798e50b4ef,bf8229696f7a3bb4700cfddef19fa23f,-33.286469,-70.669054
10a5ab2db37feedfdeaab192ead4ac0e,9a1158154dfa42caddbd0694a4e9bdc8,-33.417009,-70.607245
6c14da109e294d1e8155be8aa4b1ce8e,2a79ea27c279e471f4d180b08d62b00a,-33.353269,-70.521353
b9141aff1412dc76340b3822d9ea6c72,f899139df5e1059396431415e770c6dd,-33.02001,-71.558543
ae1eaa32d10b6c886981755d579fb4d8,4734ba6f3de83d861c3176a6273cac6d,-33.447799,-70.625351
8e296a067a37563370ded05f5a3bf3ec,c74d97b01eae257e44aa9d5bade97baf,-33.385118,-70.574506
040a99f23e8960763e680041c601acab,9c01802ddb981e6bcfbec0f0516b8e35,-33.425922,-70.577309
298f95e1bf9136124592c8d4825a06fc,c4ca4238a0b923820dcc509a6f75849b,-36.817707,-73.033122
08f90c1a417155361a5c4b8d297e0d78,39461a19e9eddfb385ea76b26521ea48,-33.400754,-70.5973501
12e086066892a311b752673a28583d3f,9c01802ddb981e6bcfbec0f0516b8e35,-33.477535,-70.599373
c6a01432c8138d46ba39957a8250e027,9f53d83ec0691550f7d2507d57f4f5a2,-33.440032,-70.533537
9f44e956e3a2b7b5598c625fcc802c36,32bb90e8976aab5298d5da10fe66f21d,-33.44969,-70.621613
31b3b31a1c2f8a370206f111127c0dbd,03afdbd66e7929b125f8597834fa83a4,-33.432613,-70.638518
8c9a14ffebb7677d033ffce847991293,9bf31c7ff062936a96d3c8bd1f8f2ff3,-36.904347,-73.031379
908c9a564a86426585b29f5335b619bc,f5f8590cd58a54e94377e6ae2eded4d9,-36.825994,-73.051091
02180771a9b609a26dcea07f272e141f,1f50893f80d6830d62765ffad7721742,-33.443803,-70.572581
0f46c64b74a6c964c674853a89796c8e,f90f2aca5c640289d0a29417bcb63a37,-36.839143,-73.096497
e5a4d6bf330f23a8707bb0d6001dfbe8,34ed066df378efacc9b924ec161e7639,-33.402193,-70.578249
b922ede9c9eb9eabec1c1fecbdecb45d,f57a2f557b098c43f11ab969efe1504b,-33.4054,-70.574168
743394beff4b1282ba735e5e3723ed74,8d34201a5b85900908db6cae92723617,-33.439713,-70.569793
d2350a54d774001d6078e326b4488878,df0aab058ce179e4f7ab135ed4e641a9,-33.390441,-70.563389
3f53d7190148675e3cd472fc826828c5,30bb3825e8f631cc6075c0f87bb4978c,-33.386218,-70.55294
b5a1fc2085986034e448d2ccc5bb9703,289dff07669d7a23de0ef88d2f7129e7,-33.409534,-70.567352
f75526659f31040afeb61cb7133e4e6d,fc8001f834f6a5f0561080d134d53d29,-33.353281,-70.522674
9fe97fff97f089661135d0487843108e,48aedb8880cab8c45637abc7493ecddd,-33.35646,-70.539458
a9b7ba70783b617e9998dc4dd82eb3c5,26657d5ff9020d2abefe558796b99584,-33.405643,-70.597562
0e4e946668cf2afc4299b462b812caca,a2557a7b2e94197ff767970b67041697,-33.402193,-70.578249
a00e5eb0973d24649a4a920fc53d9564,6da9003b743b65f4c0ccd295cc484e57,-33.5098218,-70.6081031
801fd8c2a4e79c1d24a40dc735c051ae,3d8e28caf901313a554cebc7d32e67e5,-33.421642,-70.557991
03f544613917945245041ea1581df0c2,3def184ad8f4755ff269862ea77393dd,-33.38772,-70.538704
53fde96fcc4b4ce72d7739202324cd49,a87ff679a2f3e71d9181a67b7542122c,-33.044,-71.605176
a42a596fc71e17828440030074d15e74,42a0e188f5033bc65bf8d78622277c4e,-33.409556,-70.567835
e4da3b7fbbce2345d7772b0674a318d5,c4ca4238a0b923820dcc509a6f75849b,-33.474,-70.599
fa83a11a198d5a7f0bf77a1987bcd006,7647966b7343c29048673252e490f736,-33.417655,-70.613975
81b073de9370ea873f548e31b8adc081,1ff8a7b5dc7a7d1f0ed65aaa29c04b1e,-33.3523169,-70.5207766
c0d0e461de8d0024aebcb0a7c68836df,9fd81843ad7f202f26c1a174c7357585,-33.351663,-70.518798
7fea637fd6d02b8f0adf6f7dc36aed93,f899139df5e1059396431415e770c6dd,-33.398621,-70.598018
e8d92f99edd25e2cef48eca48320a1a5,e96ed478dab8595a7dbda4cbcbee168f,-33.427926,-70.54081
912d2b1c7b2826caf99687388d2e8f7c,735b90b4568125ed6c3f678819b6e058,-33.401896,-70.514555
8248a99e81e752cb9b41da3fc43fbe7f,9fc3d7152ba9336a670e36d0ed79bc43,-33.352317,-70.520777
7895fc13088ee37f511913bac71fa66f,084b6fbb10729ed4da8c3d3f5a3ae7c9,-33.352169,-70.520262
d37124c4c79f357cb02c655671a432fa,9bf31c7ff062936a96d3c8bd1f8f2ff3,-33.423894,-70.580237
7283518d47a05a09d33779a17adf1707,758874998f5bd0c393da094e1967a72b,-33.402193,-70.578249
1714726c817af50457d810aae9d27a2e,42a0e188f5033bc65bf8d78622277c4e,-36.826107,-73.049377
d6723e7cd6735df68d1ce4c704c29a04,ec5decca5ed3d6b8079e2e7e7bacc9f2,-33.389402,-70.578242
d63fbf8c3173730f82b150c5ef38b8ff,289dff07669d7a23de0ef88d2f7129e7,-33.422327,-70.611442
0188e8b8b014829e2fa0f430f0a95961,42a0e188f5033bc65bf8d78622277c4e,-33.428382,-70.540181
218a0aefd1d1a4be65601cc6ddc1520e,9bf31c7ff062936a96d3c8bd1f8f2ff3,-33.391691,-70.563088
68a83eeb494a308fe5295da69428a507,d1fe173d08e959397adf34b1d77e88d7,-33.402193,-70.578249
68c694de94e6c110f42e587e8e48d852,f7177163c833dff4b38fc8d2872f1ec6,-33.431715,-70.585263
4db0f8b0fc895da263fd77fc8aecabe4,da0d1111d2dc5d489242e60ebcbaf988,-33.428354,-70.570894
56468d5607a5aaf1604ff5e15593b003,084b6fbb10729ed4da8c3d3f5a3ae7c9,-33.417968,-70.606851
e5e63da79fcd2bebbd7cb8bf1c1d0274,f899139df5e1059396431415e770c6dd,-33.439045,-70.64163
07a96b1f61097ccb54be14d6a47439b0,9a1158154dfa42caddbd0694a4e9bdc8,-33.401595,-70.580161
38913e1d6a7b94cb0f55994f679f5956,e369853df766fa44e1ed0ff613f563bd,-36.827596,-73.049276
564645fbd0332f066cbd9d083ddd077c,1aa48fc4880bb0c9b8a3bf979d3b917e,-33.382203,-70.536021
1458e7509aa5f47ecfb92536e7dd1dc7,b0b183c207f46f0cca7dc63b2604f5cc,-33.418011,-70.606428
fc221309746013ac554571fbd180e1c8,c4ca4238a0b923820dcc509a6f75849b,-33.02586,-71.547009
a0e2a2c563d57df27213ede1ac4ac780,34173cb38f07f89ddbebc2ac9128303f,-33.2776926582,-70.6284825631
92977ae4d2ba21425a59afb269c2a14e,f899139df5e1059396431415e770c6dd,-33.35675,-70.539777
b069b3415151fa7217e870017374de7c,084b6fbb10729ed4da8c3d3f5a3ae7c9,-33.389824,-70.545368
b056eb1587586b71e2da9acfe4fbd19e,735b90b4568125ed6c3f678819b6e058,-33.412724,-70.594705
f4b9ec30ad9f68f89b29639786cb62ef,6f4922f45568161a8cdf4ad2299f6d23,-33.401053,-70.515226
ee8fe9093fbbb687bef15a38facc44d2,248e844336797ec98478f85e7626de4a,-33.28507,-70.680836
6bc24fc1ab650b25b4114e93a98f1eba,7f39f8317fbdb1988ef4c628eba02591,-33.3821,-70.571889
a733fa9b25f33689e2adbe72199f0e62,c4ca4238a0b923820dcc509a6f75849b,-33.048862,-71.603729
64f1f27bf1b4ec22924fd0acb550c235,c9e1074f5b3f9fc8ea15d152add07294,-33.024663,-71.555107
08f38e0434442128fab5ead6217ca759,9bf31c7ff062936a96d3c8bd1f8f2ff3,-33.430257,-70.603
2451041557a22145b3701b0184109cab,9778d5d219c5080b9a6a17bef029331c,-33.277978,-70.703896
41bfd20a38bb1b0bec75acf0845530a7,ec5decca5ed3d6b8079e2e7e7bacc9f2,-33.352152,-70.518127
d8d31bd778da8bdd536187c36e48892b,a8c88a0055f636e4a163a5e3d16adab7,-33.486523,-70.556981
70feb62b69f16e0238f741fab228fec2,65b9eea6e1cc6bb9f0cd2a47751a186f,-33.01007806,-71.5491429933
361440528766bbaaaa1901845cf4152b,9bf31c7ff062936a96d3c8bd1f8f2ff3,-33.482784,-70.751805
1f36c15d6a3d18d52e8d493bc8187cb9,75fc093c0ee742f6dddaa13fff98f104,-33.404738,-70.550252
301ad0e3bd5cb1627a2044908a42fdc2,2a38a4a9316c49e5a833517c45d31070,-33.424684,-70.592221
86b20716fbd5b253d27cec43127089bc,9bf31c7ff062936a96d3c8bd1f8f2ff3,-36.82612,-73.04925
7a006957be65e608e863301eb98e1808,1efa39bcaec6f3900149160693694536,-33.390682,-70.571158
d0010a6f34908640a4a6da2389772a78,34173cb38f07f89ddbebc2ac9128303f,-33.358375,-70.515761
6d70cb65d15211726dcce4c0e971e21c,f033ab37c30201f73f142449d037028d,-33.478717,-70.544711
6f2268bd1d3d3ebaabb04d6b5d099425,735b90b4568125ed6c3f678819b6e058,-33.353063,-70.520642
2ba8698b79439589fdd2b0f7218d8b07,82aa4b0af34c2313a562076992e50aa3,-33.441914,-70.651881
fd2c5e4680d9a01dba3aada5ece22270,d1f491a404d6854880943e5c3cd9ca25,-33.44301,-70.649108
0efbe98067c6c73dba1250d2beaa81f9,34173cb38f07f89ddbebc2ac9128303f,-33.4178073,-70.6078063
84d2004bf28a2095230e8e14993d398d,f899139df5e1059396431415e770c6dd,-33.306187,-70.6647
8cff9bf6694dccfc3b6a613d05d51d16,ae0eb3eed39d2bcef4622b2499a05fe6,-33.393926,-70.561957
5e751896e527c862bf67251a474b3819,9bf31c7ff062936a96d3c8bd1f8f2ff3,-33.455327,-70.609027
96f2b50b5d3613adf9c27049b2a888c7,9bf31c7ff062936a96d3c8bd1f8f2ff3,-33.491224,-70.650213
eaae339c4d89fc102edd9dbdb6a28915,c0c7c76d30bd3dcaefc96f40275bdc0a,-33.488639,-70.549894
233509073ed3432027d48b1a83f5fbd2,c4ca4238a0b923820dcc509a6f75849b,-33.460484,-70.545125
673271cc47c1a4e77f57e239ed4d28a7,918317b57931b6b7a7d29490fe5ec9f9,-33.405973,-70.598055
c59b469d724f7919b7d35514184fdc0f,53c3bce66e43be4f209556518c2fcb54,-33.392603,-70.580456
10a7cdd970fe135cf4f7bb55c0e3b59f,a87ff679a2f3e71d9181a67b7542122c,-36.808823,-73.090511
a1d33d0dfec820b41b54430b50e96b5c,735b90b4568125ed6c3f678819b6e058,-33.440835,-70.535232
970af30e481057c48f87e101b61e6994,0336dcbab05b9d5ad24f4333c7658a0e,-33.355666,-70.51737
abd815286ba1007abfbb8415b83ae2cf,c0c7c76d30bd3dcaefc96f40275bdc0a,-33.43008,-70.602525
e5b294b70c9647dcf804d7baa1903918,d82c8d1619ad8176d665453cfb2e55f0,-33.395725,-70.505368
cdf1035c34ec380218a8cc9a43d438f9,7a614fd06c325499f1680b9896beedeb,-33.412841409,-70.5405730585
63538fe6ef330c13a05a3ed7e599d5f7,9bf31c7ff062936a96d3c8bd1f8f2ff3,-36.838835,-73.09666
9001ca429212011f4a4fda6c778cc318,6eb6e75fddec0218351dc5c0c8464104,-33.402807,-70.578609
2387337ba1e0b0249ba90f55b2ba2521,26657d5ff9020d2abefe558796b99584,-33.410866,-70.574636
a40511cad8383e5ae8ddd8b855d135da,084b6fbb10729ed4da8c3d3f5a3ae7c9,-33.51094,-70.607127
a67f096809415ca1c9f112d96d27689b,c0c7c76d30bd3dcaefc96f40275bdc0a,-33.34313,-70.545393
051928341be67dcba03f0e04104d9047,d07e70efcfab08731a97e7b91be644de,-33.394314,-70.578695
ccbd8ca962b80445df1f7f38c57759f0,0fcbc61acd0479dc77e3cccc0f5ffca7,-33.352317,-70.520777
7dc1c7653ac42a05642a667959c12239,3cf166c6b73f030b4f67eeaeba301103,-33.400935,-70.597265
cda72177eba360ff16b7f836e2754370,ac1dd209cbcc5e5d1c6e28598e8cbbe8,-33.404418,-70.597078
fa84632d742f2729dc32ce8cb5d49733,3806734b256c27e41ec2c6bffa26d9e7,-33.385168,-70.574885
9a3d458322d70046f63dfd8b0153ece4,42a0e188f5033bc65bf8d78622277c4e,-33.415145,-70.539804
3e9e39fed3b8369ed940f52cf300cf88,274ad4786c3abca69fa097b85867d9a4,-33.340888,-70.521378
cec6f62cfb44b1be110b7bf70c8362d8,6f3ef77ac0e3619e98159e9b6febf557,-33.416994,-70.560599
1679091c5a880faf6fb5e6087eb1b2dc,c4ca4238a0b923820dcc509a6f75849b,-33.370765,-70.51242
b848edae25876384476f8970b8491160,995e1fda4a2b5f55ef0df50868bf2a8f,-33.416618,-70.56042
b5488aeff42889188d03c9895255cecc,42a0e188f5033bc65bf8d78622277c4e,-33.008941,-71.547758
851ddf5058cf22df63d3344ad89919cf,d645920e395fedad7bbbed0eca3fe2e0,-33.356908,-70.515562
89885ff2c83a10305ee08bd507c1049c,941e1aaaba585b952b62c14a3a175a61,-33.277229,-70.628154
c1e39d912d21c91dce811d6da9929ae8,a4a042cf4fd6bfb47701cbc8a1653ada,-33.417807,-70.607806
350db081a661525235354dd3e19b8c05,c4ca4238a0b923820dcc509a6f75849b,-33.5978082,-70.6994966
e53a0a2978c28872a4505bdb51db06dc,9fc3d7152ba9336a670e36d0ed79bc43,-33.009765,-71.545264
3def184ad8f4755ff269862ea77393dd,a87ff679a2f3e71d9181a67b7542122c,-33.5100259814,-70.6077853918
dea9ddb25cbf2352cf4dec30222a02a5,8cb22bdd0b7ba1ab13d742e22eed8da2,-33.394314,-70.578695
f9d1152547c0bde01830b7e8bd60024c,dc912a253d1e9ba40e2c597ed2376640,-33.383059,-70.572901
851300ee84c2b80ed40f51ed26d866fc,34173cb38f07f89ddbebc2ac9128303f,-33.4524377,-70.5694704
d72fbbccd9fe64c3a14f85d225a046f4,3cec07e9ba5f5bb252d13f5f431e4bbb,-33.286418,-70.668702
109a0ca3bc27f3e96597370d5c8cf03d,9a1158154dfa42caddbd0694a4e9bdc8,-33.381367,-70.571775
333cb763facc6ce398ff83845f224d62,d4c2e4a3297fe25a71d030b67eb83bfc,-33.390016,-70.545835
eddb904a6db773755d2857aacadb1cb0,f033ab37c30201f73f142449d037028d,-33.415099,-70.539805
e0cf1f47118daebc5b16269099ad7347,d1fe173d08e959397adf34b1d77e88d7,-33.009316,-71.547033
e56b06c51e1049195d7b26d043c478a0,65b9eea6e1cc6bb9f0cd2a47751a186f,-33.0487614366,-71.603813889
6db291ac9963003618ca6aa15063c4d6,16c222aa19898e5058938167c8ab6c57,-33.453155,-70.570057
02b1be0d48924c327124732726097157,854d9fca60b4bd07f9bb215d59ef5561,-33.27775,-70.627983
9808ae38758804501ca3fc0697050e03,4b6538a44a1dfdc2b83477cd76dee98e,-33.446417,-70.624831
6766aa2750c19aad2fa1b32f36ed4aee,c0c7c76d30bd3dcaefc96f40275bdc0a,-33.01901,-71.55123
3d2d8ccb37df977cb6d9da15b76c3f3a,c0c7c76d30bd3dcaefc96f40275bdc0a,-33.440737,-70.543532
59f51fd6937412b7e56ded1ea2470c25,cfecdb276f634854f3ef915e2e980c31,-33.452438,-70.56947
17ed8abedc255908be746d245e50263a,fe131d7f5a6b38b23cc967316c13dae2,-33.389744,-70.570141
4e0d67e54ad6626e957d15b08ae128a6,9778d5d219c5080b9a6a17bef029331c,-33.460328,-70.54375
1006ff12c465532f8c574aeaa4461b16,9bf31c7ff062936a96d3c8bd1f8f2ff3,-33.539903,-70.591592
17e23e50bedc63b4095e3d8204ce063b,539fd53b59e3bb12d203f45a912eeaf2,-33.278598,-70.6273
9a49a25d845a483fae4be7e341368e36,b534ba68236ba543ae44b22bd110a1d6,-33.379674,-70.538071
76dc611d6ebaafc66cc0879c71b5db5c,9bf31c7ff062936a96d3c8bd1f8f2ff3,-33.357604,-70.51624
08e6bea8e90ba87af3c9554d94db6579,20f07591c6fcb220ffe637cda29bb3f6,-33.370525,-70.506777
96de2547f44254c97f5f4f1f402711c1,36660e59856b4de58a219bcf4e27eba3,-33.352152,-70.518127
761c7920f470038d4c8a619c79eddd62,9fc3d7152ba9336a670e36d0ed79bc43,-33.417756,-70.607184
0aa1883c6411f7873cb83dacb17b0afc,a87ff679a2f3e71d9181a67b7542122c,-32.9397774,-71.5462439
ebd6d2f5d60ff9afaeda1a81fc53e2d0,42a0e188f5033bc65bf8d78622277c4e,-29.9039013,-71.2607524
2dace78f80bc92e6d7493423d729448e,7cbbc409ec990f19c78c75bd1e06f215,-33.400712,-70.587802
bc573864331a9e42e4511de6f678aa83,c4ca4238a0b923820dcc509a6f75849b,-33.528084,-70.777832
8303a79b1e19a194f1875981be5bdb6f,46ba9f2a6976570b0353203ec4474217,-33.405189,-70.591666
335f5352088d7d9bf74191e006d8e24c,9bf31c7ff062936a96d3c8bd1f8f2ff3,-33.431283,-70.578717
e57c6b956a6521b28495f2886ca0977a,7cbbc409ec990f19c78c75bd1e06f215,-33.396915,-70.544654
db1915052d15f7815c8b88e879465a1e,705f2172834666788607efbfca35afb3,-33.419886,-70.564422
d523773c6b194f37b938d340d5d02232,5a4b25aaed25c2ee1b74de72dc03c14e,-33.285614,-70.680695
3c947bc2f7ff007b86a9428b74654de5,00ec53c4682d36f5c4359f4ae7bd7ba1,-33.383661,-70.573525
7d771e0e8f3633ab54856925ecdefc5d,0a09c8844ba8f0936c20bd791130d6b6,-33.390049,-70.586659
4ba29b9f9e5732ed33761840f4ba6c53,a8abb4bb284b5b27aa7cb790dc20f80b,-33.305926,-70.664561
cd00692c3bfe59267d5ecfac5310286c,a87ff679a2f3e71d9181a67b7542122c,-33.391386,-70.546601
3ea2db50e62ceefceaf70a9d9a56a6f4,85d8ce590ad8981ca2c8286f79f59954,-33.34818,-70.542386
26408ffa703a72e8ac0117e74ad46f33,c0c7c76d30bd3dcaefc96f40275bdc0a,-33.543344,-70.570614
856fc81623da2150ba2210ba1b51d241,82aa4b0af34c2313a562076992e50aa3,-33.0088544,-71.5485614
e4bb4c5173c2ce17fd8fcd40041c068f,c4ca4238a0b923820dcc509a6f75849b,-33.484136,-70.621945
be3e9d3f7d70537357c67bb3f4086846,d6baf65e0b240ce177cf70da146c8dc8,-33.448697,-70.637469
c4ca4238a0b923820dcc509a6f75849b,c4ca4238a0b923820dcc509a6f75849b,-33.4020235543,-70.5167273924
b0b183c207f46f0cca7dc63b2604f5cc,2a38a4a9316c49e5a833517c45d31070,-33.355209,-70.537846
b0bef4c9a6e50d43880191492d4fc827,a8e864d04c95572d1aece099af852d0a,-33.351164,-70.51043
efb76cff97aaf057654ef2f38cd77d73,c4ca4238a0b923820dcc509a6f75849b,-33.600368,-70.575929
ced556cd9f9c0c8315cfbe0744a3baf0,42a0e188f5033bc65bf8d78622277c4e,-33.510544,-70.608214
375c71349b295fbe2dcdca9206f20a06,1700002963a49da13542e0726b7bb758,-33.357351,-70.514448
06964dce9addb1c5cb5d6e3d9838f733,1651cf0d2f737d7adeab84d339dbabd3,-33.402014,-70.594446
069654d5ce089c13f642d19f09a3d1c0,d709f38ef758b5066ef31b18039b8ce5,-33.37365,-70.51835
ad71c82b22f4f65b9398f76d8be4c615,34173cb38f07f89ddbebc2ac9128303f,-33.35646,-70.539458
fdf1bc5669e8ff5ba45d02fded729feb,c2626d850c80ea07e7511bbae4c76f4b,-33.402501,-70.578992
160c88652d47d0be60bfbfed25111412,42a0e188f5033bc65bf8d78622277c4e,-33.401557,-70.578914
270edd69788dce200a3b395a6da6fdb7,34173cb38f07f89ddbebc2ac9128303f,-33.0097376,-71.5457208
f2e43fa3400d826df4195a9ac70dca62,e7f8a7fb0b77bcb3b283af5be021448f,-33.41905,-70.572212
5129a5ddcd0dcd755232baa04c231698,c4ca4238a0b923820dcc509a6f75849b,-29.966946,-71.332674
9a4400501febb2a95e79248486a5f6d3,084b6fbb10729ed4da8c3d3f5a3ae7c9,-33.415316,-70.540559
531db99cb00833bcd414459069dc7387,9bf31c7ff062936a96d3c8bd1f8f2ff3,-33.351045,-70.509806
1afa34a7f984eeabdbb0a7d494132ee5,a87ff679a2f3e71d9181a67b7542122c,-33.464886,-70.598037
4f16c818875d9fcb6867c7bdc89be7eb,c9e1074f5b3f9fc8ea15d152add07294,-33.372681,-70.517708
97108695bd93b6be52fa0334874c8722,d8700cbd38cc9f30cecb34f0c195b137,-33.438553,-70.553997
d1f255a373a3cef72e03aa9d980c7eca,c4ca4238a0b923820dcc509a6f75849b,-33.480518,-70.747208
05546b0e38ab9175cd905eebcc6ebb76,e1e32e235eee1f970470a3a6658dfdd5,-33.418283,-70.570987
5f0f5e5f33945135b874349cfbed4fb9,3295c76acbf4caaed33c36b1b5fc2cb1,-33.351037,-70.509773
a424ed4bd3a7d6aea720b86d4a360f75,bd686fd640be98efaae0091fa301e613,-33.285866,-70.687135
2b323d6eb28422cef49b266557dd31ad,1e48c4420b7073bc11916c6c1de226bb,-33.417699,-70.607061
7f5d04d189dfb634e6a85bb9d9adf21e,9a1158154dfa42caddbd0694a4e9bdc8,-33.355589,-70.538219
586f9b4035e5997f77635b13cc04984c,fd06b8ea02fe5b1c2496fe1700e9d16c,-33.411748,-70.578015
b139aeda1c2914e3b579aafd3ceeb1bd,e0cf1f47118daebc5b16269099ad7347,-33.436127,-70.593616
f4334c131c781e2a6f0a5e34814c8147,f899139df5e1059396431415e770c6dd,-33.442677,-70.651222
d1ee59e20ad01cedc15f5118a7626099,65b9eea6e1cc6bb9f0cd2a47751a186f,-33.5427497382,-70.5697965816
65ded5353c5ee48d0b7d48c591b8f430,c4ca4238a0b923820dcc509a6f75849b,-33.48528,-70.57925
6490791e7abf6b29a381288cc23a8223,42a0e188f5033bc65bf8d78622277c4e,-33.4240234,-70.6543392
995e1fda4a2b5f55ef0df50868bf2a8f,f899139df5e1059396431415e770c6dd,-33.441315,-70.535571
a48564053b3c7b54800246348c7fa4a0,941e1aaaba585b952b62c14a3a175a61,-33.449441,-70.605156
fe70c36866add1572a8e2b96bfede7bf,69adc1e107f7f7d035d7baf04342e1ca,-33.402087,-70.598057
8d5e957f297893487bd98fa830fa6413,6f4922f45568161a8cdf4ad2299f6d23,-33.398735,-70.587431
2823f4797102ce1a1aec05359cc16dd9,072b030ba126b2f4b2374f342be9ed44,-33.435825,-70.593362
812b4ba287f5ee0bc9d43bbf5bbe87fb,6f4922f45568161a8cdf4ad2299f6d23,-33.406604,-70.599398
9aeade7beada35c83d3b344fbafe43b0,eb163727917cbba1eea208541a643e74,-33.356316,-70.53806
c9f0f895fb98ab9159f51fd0297e236d,a87ff679a2f3e71d9181a67b7542122c,-33.4016604992,-70.5146656857
eba0dc302bcd9a273f8bbb72be3a687b,c4ca4238a0b923820dcc509a6f75849b,-33.543943,-70.570808
02f039058bd48307e6f653a2005c9dd2,1700002963a49da13542e0726b7bb758,-33.417807,-70.607806
2b8eba3cb0d0f1d761cb74d94a5ace36,02522a2b2726fb0a03bb19f2d8d9524d,-33.484575,-70.548116
e6acf4b0f69f6f6e60e9a815938aa1ff,fe131d7f5a6b38b23cc967316c13dae2,-33.343305,-70.544435
4588e674d3f0faf985047d4c3f13ed0d,42a0e188f5033bc65bf8d78622277c4e,-33.358594,-70.516925
149815eb972b3c370dee3b89d645ae14,c9e1074f5b3f9fc8ea15d152add07294,-33.347645,-70.542229
058d6f2fbe951a5a56d96b1f1a6bca1c,288cc0ff022877bd3df94bc9360b9c5d,-33.390385,-70.54454
83fa5a432ae55c253d0e60dbfa716723,65b9eea6e1cc6bb9f0cd2a47751a186f,-33.401502,-70.514344
ce758408f6ef98d7c7a7b786eca7b3a8,7f5d04d189dfb634e6a85bb9d9adf21e,-33.410213,-70.568551
577fd60255d4bb0f466464849ffe6d8e,6c29793a140a811d0c45ce03c1c93a28,-33.4151,-70.539902
5a142a55461d5fef016acfb927fee0bd,49182f81e6a13cf5eaa496d51fea6406,-36.823124,-73.041665
0f96613235062963ccde717b18f97592,c0c7c76d30bd3dcaefc96f40275bdc0a,-33.401723,-70.516818
92a08bf918f44ccd961477be30023da1,e820a45f1dfc7b95282d10b6087e11c0,-33.0173,-71.550891
23fc4cba066f390a8cc729c7592b6ee8,f1c1592588411002af340cbaedd6fc33,-33.387695,-70.568302
fc8001f834f6a5f0561080d134d53d29,32bb90e8976aab5298d5da10fe66f21d,-33.395636,-70.505318
3b5dca501ee1e6d8cd7b905f4e1bf723,d1fe173d08e959397adf34b1d77e88d7,-33.415316,-70.540559
52947e0ade57a09e4a1386d08f17b656,c0c7c76d30bd3dcaefc96f40275bdc0a,-29.932864,-71.260092
cd0f74b5955dc87fd0605745c4b49ee8,f90f2aca5c640289d0a29417bcb63a37,-36.777884,-73.076912
6786f3c62fbf9021694f6e51cc07fe3c,d09bf41544a3365a46c9077ebb5e35c3,-33.399573,-70.591348
7edfd52220e2032e7281061c82401195,acf4b89d3d503d8252c9c4ba75ddbf6d,-33.355349,-70.537662
0cb929eae7a499e50248a3a78f7acfc7,a684eceee76fc522773286a895bc8436,-33.395105,-70.579347
eb06b9db06012a7a4179b8f3cb5384d3,0d3180d672e08b4c5312dcdafdf6ef36,-33.390896,-70.544243
2a27b8144ac02f67687f76782a3b5d8f,1700002963a49da13542e0726b7bb758,-33.402193,-70.578249
e655c7716a4b3ea67f48c6322fc42ed6,ec8ce6abb3e952a85b8551ba726a1227,-33.347645,-70.542229
c215b446bcdf956d848a8419c1b5a920,41ae36ecb9b3eee609d05b90c14222fb,-33.424688,-70.581248
fed33392d3a48aa149a87a38b875ba4a,26657d5ff9020d2abefe558796b99584,-33.387579,-70.576559
687fd5c7e0142dfb2da70e5083b3c6a7,9c01802ddb981e6bcfbec0f0516b8e35,-33.355301,-70.537178
4462bf0ddbe0d0da40e1e828ebebeb11,f718499c1c8cef6730f9fd03c8125cab,-33.400867,-70.594175
7ef605fc8dba5425d6965fbd4c8fbe1f,c4ca4238a0b923820dcc509a6f75849b,-33.2768535,-70.628167
d1dc3a8270a6f9394f88847d7f0050cf,c52f1bd66cc19d05628bd8bf27af3ad6,-33.371608,-70.518048
8f7d807e1f53eff5f9efbe5cb81090fb,7647966b7343c29048673252e490f736,-33.389918,-70.586777
b58ac8403eb9cf17fae1dcd16df71fde,1e48c4420b7073bc11916c6c1de226bb,-33.35859,-70.516018
a87ff679a2f3e71d9181a67b7542122c,c81e728d9d4c2f636f067f89cc14862c,-33.401599,-70.595462
cc1aa436277138f61cda703991069eaf,f899139df5e1059396431415e770c6dd,-33.362812,-70.514741
f29c21d4897f78948b91f03172341b7b,c74d97b01eae257e44aa9d5bade97baf,-33.40386,-70.596359
8a0e1141fd37fa5b98d5bb769ba1a7cc,b53b3a3d6ab90ce0268229151c9bde11,-33.403599,-70.596435
7d2b92b6726c241134dae6cd3fb8c182,918317b57931b6b7a7d29490fe5ec9f9,-33.401876,-70.514344
a64bd53139f71961c5c31a9af03d775e,df6d2338b2b8fce1ec2f6dda0a630eb0,-33.435996,-70.602598
3871bd64012152bfb53fdf04b401193f,c4ca4238a0b923820dcc509a6f75849b,-33.451695,-70.69216
7250eb93b3c18cc9daa29cf58af7a004,2a38a4a9316c49e5a833517c45d31070,-33.392245,-70.515336
ad3019b856147c17e82a5bead782d2a8,9778d5d219c5080b9a6a17bef029331c,-33.398702,-70.586182
52edc4a5890adc59cec82cb60f8af691,43fa7f58b7eac7ac872209342e62e8f1,-33.419933,-70.606733
facf9f743b083008a894eee7baa16469,9188905e74c28e489b44e954ec0b9bca,-33.422678,-70.609726
806beafe154032a5b818e97b4420ad98,fe131d7f5a6b38b23cc967316c13dae2,-33.376485,-70.524893
8d55a249e6baa5c06772297520da2051,1068c6e4c8051cfd4e9ea8072e3189e2,-33.390883,-70.546201
2b7b82a7ec6de40781fd6ef338b41892,83fa5a432ae55c253d0e60dbfa716723,-33.417195,-70.565721
2d405b367158e3f12d7c1e31a96b3af3,ab817c9349cf9c4f6877e1894a1faa00,-33.41731,-70.56704
9ac403da7947a183884c18a67d3aa8de,f899139df5e1059396431415e770c6dd,-32.941493,-71.545783
818f4654ed39a1c147d1e51a00ffb4cb,d645920e395fedad7bbbed0eca3fe2e0,-33.4166843779,-70.6067705154
765d5fb115a9f6a3e0b23b80a5b2e4c4,846c260d715e5b854ffad5f70a516c88,-33.363976,-70.492256
b096577e264d1ebd6b41041f392eec23,d5cfead94f5350c12c322b5b664544c1,-33.355878,-70.535898
4c27cea8526af8cfee3be5e183ac9605,c0c7c76d30bd3dcaefc96f40275bdc0a,-33.388769,-70.577645
92bbd31f8e0e43a7da8a6295b251725f,c3c59e5f8b3e9753913f4d435b53c308,-33.438268,-70.573676
1b5230e3ea6d7123847ad55a1e06fffd,854d9fca60b4bd07f9bb215d59ef5561,-33.285426,-70.677369
d7a84628c025d30f7b2c52c958767e76,fe131d7f5a6b38b23cc967316c13dae2,-33.018851,-71.551066
00a03ec6533ca7f5c644d198d815329c,85422afb467e9456013a2a51d4dff702,-33.382522,-70.535851
0d73a25092e5c1c9769a9f3255caa65a,c4ca4238a0b923820dcc509a6f75849b,-32.931687,-71.518301
68a9750337a418a86fe06c1991a1d64c,d707329bece455a462b58ce00d1194c9,-33.35498,-70.537262
85690f81aadc1749175c187784afc9ee,8f7d807e1f53eff5f9efbe5cb81090fb,-33.397175,-70.553746
85422afb467e9456013a2a51d4dff702,9bf31c7ff062936a96d3c8bd1f8f2ff3,-32.972368,-71.543901
f356355c1634839cf42769e7f30905a3,2290a7385ed77cc5592dc2153229f082,-33.357088,-70.540095
8d9a0adb7c204239c9635426f35c9522,4c5bde74a8f110656874902f07378009,-33.401912,-70.514301
64c31821603ab476a318839606743bd6,1141938ba2c2b13f5505d7c424ebae5f,-33.386425,-70.56964
4558dbb6f6f8bb2e16d03b85bde76e2c,f033ab37c30201f73f142449d037028d,-33.361689,-70.545146
7eacb532570ff6858afd2723755ff790,c4ca4238a0b923820dcc509a6f75849b,-33.50223,-70.755971
757f843a169cc678064d9530d12a1881,db8e1af0cb3aca1ae2d0018624204529,-33.392797,-70.544133
0663a4ddceacb40b095eda264a85f15c,0336dcbab05b9d5ad24f4333c7658a0e,-33.43878,-70.55588
ef1e491a766ce3127556063d49bc2f98,71a3cb155f8dc89bf3d0365288219936,-33.38126,-70.571129
277a78fc05c8864a170e9a56ceeabc4c,1068c6e4c8051cfd4e9ea8072e3189e2,-33.356351,-70.539673
f7e2b2b75b04175610e5a00c1e221ebb,acc3e0404646c57502b480dc052c4fe1,-33.438614,-70.566916
7750ca3559e5b8e1f44210283368fc16,f457c545a9ded88f18ecee47145a72c0,-33.379413,-70.539353
0533a888904bd4867929dffd884d60b8,04025959b191f8f9de3f924f0940515f,-33.409534,-70.567352
d8bf84be3800d12f74d8b05e9b89836f,d4c2e4a3297fe25a71d030b67eb83bfc,-33.357586,-70.51722
e1e32e235eee1f970470a3a6658dfdd5,c4ca4238a0b923820dcc509a6f75849b,-33.356372,-70.727869
d010396ca8abf6ead8cacc2c2f2f26c7,555d6702c950ecb729a966504af0a635,-33.451569,-70.540844
e49b8b4053df9505e1f48c3a701c0682,735b90b4568125ed6c3f678819b6e058,-33.384477,-70.550653
c9efe5f26cd17ba6216bbe2a7d26d490,67d16d00201083a2b118dd5128dd6f59,-33.431253,-70.609932
ba1b3eba322eab5d895aa3023fe78b9c,950a4152c2b4aa3ad78bdd6b366cc179,-33.379811,-70.537751
83f97f4825290be4cb794ec6a234595f,0a09c8844ba8f0936c20bd791130d6b6,-33.355227,-70.537462
9908279ebbf1f9b250ba689db6a0222b,c9e1074f5b3f9fc8ea15d152add07294,-36.793112,-73.069606
d1a69640d53a32a9fb13e93d1c8f3104,577ef1154f3240ad5b9b413aa7346a1e,-33.430868,-70.606414
15cf76466b97264765356fcc56d801d1,274ad4786c3abca69fa097b85867d9a4,-33.395726,-70.555859
99adff456950dd9629a5260c4de21858,be83ab3ecd0db773eb2dc1b0a17836a1,-33.414389,-70.539709
e6384711491713d29bc63fc5eeb5ba4f,d395771085aab05244a4fb8fd91bf4ee,-33.436339,-70.574246
bcb41ccdc4363c6848a1d760f26c28a0,c4ca4238a0b923820dcc509a6f75849b,-29.949186,-71.2685293
3a066bda8c96b9478bb0512f0a43028c,c0c7c76d30bd3dcaefc96f40275bdc0a,-33.285349,-70.678597
42ffcf057e133f94c1b7b5cf543ef3bd,eb163727917cbba1eea208541a643e74,-33.381501,-70.571746
f2217062e9a397a1dca429e7d70bc6ca,a87ff679a2f3e71d9181a67b7542122c,-33.3213557,-70.6457498
819e3d6c1381eac87c17617e5165f38c,74071a673307ca7459bcf75fbd024e09,-33.355552,-70.537607
2812e5cf6d8f21d69c91dddeefb792a7,38af86134b65d0f10fe33d30dd76442e,-33.413968,-70.597666
33e75ff09dd601bbe69f351039152189,a87ff679a2f3e71d9181a67b7542122c,-33.357558,-70.515415
f5c150afbfbcef941def203e85cf40bc,9c01802ddb981e6bcfbec0f0516b8e35,-33.394185,-70.581576
021bbc7ee20b71134d53e20206bd6feb,5fd0b37cd7dbbb00f97ba6ce92bf5add,-33.415099,-70.539805
d93ed5b6db83be78efb0d05ae420158e,c9e1074f5b3f9fc8ea15d152add07294,-33.390853,-70.563111
96c5c28becf18e71190460a9955aa4d8,dc912a253d1e9ba40e2c597ed2376640,-33.355406,-70.537185
4e87337f366f72daa424dae11df0538c,dc912a253d1e9ba40e2c597ed2376640,-33.394338,-70.596903
2bd235c31c97855b7ef2dc8b414779af,0efe32849d230d7f53049ddc4a4b0c60,-32.944206,-71.545879
c8862fc1a32725712838863fb1a260b9,9bf31c7ff062936a96d3c8bd1f8f2ff3,-33.509655,-70.757427
4d5b995358e7798bc7e9d9db83c612a5,2a38a4a9316c49e5a833517c45d31070,-33.401991,-70.594028
4f398cb9d6bc79ae567298335b51ba8a,e96ed478dab8595a7dbda4cbcbee168f,-33.422494,-70.611733
729c68884bd359ade15d5f163166738a,63dc7ed1010d3c3b8269faf0ba7491d4,-33.438961,-70.6544
8832ae39136fb470b3fbbf9f47b4570d,2ba596643cbbbc20318224181fa46b28,-33.359501,-70.543459
55743cc0393b1cb4b8b37d09ae48d097,c0c7c76d30bd3dcaefc96f40275bdc0a,-33.445599,-70.60615
bf62768ca46b6c3b5bea9515d1a1fc45,14bfa6bb14875e45bba028a21ed38046,-33.393631,-70.579691
7cc234202e98d2722580858573fd0817,9cc138f8dc04cbf16240daa92d8d50e2,-33.381341,-70.571559
a760880003e7ddedfef56acb3b09697f,c4ca4238a0b923820dcc509a6f75849b,-36.794925,-73.070126
537d9b6c927223c796cac288cced29df,c9e1074f5b3f9fc8ea15d152add07294,-33.409534,-70.567352
f69e505b08403ad2298b9f262659929a,854d6fae5ee42911677c739ee1734486,-33.355075,-70.537913
a4d92e2cd541fca87e4620aba658316d,9246444d94f081e3549803b928260f56,-33.403511,-70.587776
544a4f59f691574154a60b8539ebf914,f899139df5e1059396431415e770c6dd,-33.51791,-70.598717
5e76bef6e019b2541ff53db39f407a98,34173cb38f07f89ddbebc2ac9128303f,-33.401876,-70.514344
f76a89f0cb91bc419542ce9fa43902dc,9bf31c7ff062936a96d3c8bd1f8f2ff3,-33.3945169,-70.5468161
470e7a4f017a5476afb7eeb3f8b96f9b,072b030ba126b2f4b2374f342be9ed44,-33.438604,-70.559825
0b8aff0438617c055eb55f0ba5d226fa,65b9eea6e1cc6bb9f0cd2a47751a186f,-33.2786810934,-70.6272732394
30f8f6b940d1073d8b6a5eebc46dd6e5,fb89705ae6d743bf1e848c206e16a1d7,-33.391075,-70.571781
d47268e9db2e9aa3827bba3afb7ff94a,1ff8a7b5dc7a7d1f0ed65aaa29c04b1e,-33.4169644809,-70.6066139311
78f7d96ea21ccae89a7b581295f34135,9bf31c7ff062936a96d3c8bd1f8f2ff3,-33.451396,-70.678954
f1748d6b0fd9d439f71450117eba2725,f718499c1c8cef6730f9fd03c8125cab,-33.355258,-70.537787
2dffbc474aa176b6dc957938c15d0c8b,a87ff679a2f3e71d9181a67b7542122c,-29.916097,-71.258196
4d8556695c262ab91ff51a943fdd6058,f85454e8279be180185cac7d243c5eb3,-33.450794,-70.608238
fcdf25d6e191893e705819b177cddea0,3636638817772e42b59d74cff571fbb3,-33.390873,-70.546284
045117b0e0a11a242b9765e79cbf113f,a87ff679a2f3e71d9181a67b7542122c,-33.0361107,-71.524149
2cfa3753d6a524711acb5fce38eeca1a,3f67fd97162d20e6fe27748b5b372509,-33.406081,-70.598128
7486cef2522ee03547cfb970a404a874,8f468c873a32bb0619eaeb2050ba45d1,-33.397498,-70.584666
c06d06da9666a219db15cf575aff2824,9a1158154dfa42caddbd0694a4e9bdc8,-33.390604,-70.547206
eb163727917cbba1eea208541a643e74,a87ff679a2f3e71d9181a67b7542122c,-33.428421,-70.540562
