
/*==============================================================*/
/* Table: TB01_AGENCIA                                          */
/*==============================================================*/
create table TB01_AGENCIA (
   NU_AGENCIA           INT                   not null,
   NO_AGENCIA           VARCHAR2(100)         not null,
   DT_ABERTURA          DATE                  not null,
   IC_SITUACAO          CHAR(1)               not null,
   constraint PK_TB01_AGENCIA primary key (NU_AGENCIA)
);

comment on table TB01_AGENCIA is
'Tabela de Agencias';

/*==============================================================*/
/* Table: TB02_CONTA                                            */
/*==============================================================*/
create table TB02_CONTA (
   NU_AGENCIA           INT                   not null,
   NU_CONTA             INT                   not null,
   CO_CLIENTE_CPF_CNPJ  VARCHAR2(14)          not null,
   DT_ABERTURA          DATE                  not null,
   constraint PK_TB02_CONTA primary key (NU_CONTA, NU_AGENCIA)
);

comment on table TB02_CONTA is
'Tabela de Conta Bancária';

/*==============================================================*/
/* Table: TB03_CLIENTE                                          */
/*==============================================================*/
create table TB03_CLIENTE (
   CO_CLIENTE_CPF_CNPJ  VARCHAR2(14)          not null,
   CO_CLIENTE           integer               not null,
   NO_CLIENTE           VARCHAR2(100)         not null,
   TP_CLIENTE           CHAR(1)               not null,
   IC_SITUACAO          CHAR(1)               not null,
   constraint PK_TB03_CLIENTE primary key (CO_CLIENTE_CPF_CNPJ)
);

comment on table TB03_CLIENTE is
'Tabelas de clientes simplificada';

/*==============================================================*/
/* Table: TB04_SALDO                                            */
/*==============================================================*/
create table TB04_SALDO (
   NU_CHAVE_BURRA       INTEGER               not null,
   NU_CONTA             INT                   not null,
   NU_AGENCIA           INT                   not null,
   DH_SALDO             DATE                  not null,
   VR_SALDO             DECIMAL(16,2)         not null,
   constraint PK_TB04_SALDO primary key (NU_CHAVE_BURRA)
);

comment on table TB04_SALDO is
'Tabela de saldos';

/*==============================================================*/
/* Table: TB05_ENDERECO                                         */
/*==============================================================*/
create table TB05_ENDERECO (
   CO_ENDERECO          integer               not null,
   CO_CLIENTE_CPF_CNPJ  VARCHAR2(14)          not null,
   TP_ENDERECO          CHAR(1),
   NO_LOGRADOURO        VARCHAR2(100)         not null,
   NO_NUMERO            VARCHAR2(14)          not null,
   NO_CIDADE            VARCHAR2(50)          not null,
   NO_ESTADO            CHAR(2)               not null,
   CO_CEP               VARCHAR2(8),
   constraint PK_TB05_ENDERECO primary key (CO_ENDERECO)
);

comment on table TB05_ENDERECO is
'Tabela de endeceços simplificado';

alter table TB02_CONTA
   add constraint FK_TB02_CON_REFERENCE_TB01_AGE foreign key (NU_AGENCIA)
      references TB01_AGENCIA (NU_AGENCIA);

alter table TB02_CONTA
   add constraint FK_TB02_CON_REFERENCE_TB03_CLI foreign key (CO_CLIENTE_CPF_CNPJ)
      references TB03_CLIENTE (CO_CLIENTE_CPF_CNPJ);

alter table TB04_SALDO
   add constraint FK_TB04_SAL_REFERENCE_TB02_CON foreign key (NU_CONTA, NU_AGENCIA)
      references TB02_CONTA (NU_CONTA, NU_AGENCIA);

alter table TB05_ENDERECO
   add constraint FK_TB05_END_REFERENCE_TB03_CLI foreign key (CO_CLIENTE_CPF_CNPJ)
      references TB03_CLIENTE (CO_CLIENTE_CPF_CNPJ);



-- Grupo 1 - Begin
insert into TB01_AGENCIA (NU_AGENCIA, NO_AGENCIA, DT_ABERTURA, IC_SITUACAO) values (1, 'Agencia Pajé', sysdate, 'A');
insert into TB01_AGENCIA (NU_AGENCIA, NO_AGENCIA, DT_ABERTURA, IC_SITUACAO) values (2, 'Agencia Cacique', sysdate, 'A');
insert into TB01_AGENCIA (NU_AGENCIA, NO_AGENCIA, DT_ABERTURA, IC_SITUACAO) values (3, 'Agencia da Aldeia', sysdate, 'A');
insert into TB01_AGENCIA (NU_AGENCIA, NO_AGENCIA, DT_ABERTURA, IC_SITUACAO) values (4, 'Agencia Rural', sysdate, 'A');
insert into TB01_AGENCIA (NU_AGENCIA, NO_AGENCIA, DT_ABERTURA, IC_SITUACAO) values (5, 'Agencia do Sitio', sysdate, 'A');

insert into TB03_CLIENTE (CO_CLIENTE_CPF_CNPJ, CO_CLIENTE, NO_CLIENTE, TP_CLIENTE, IC_SITUACAO) values ('701.123.070-00', 1, 'Vanessa Rafaela Juliana', 'F', 'S');
insert into TB03_CLIENTE (CO_CLIENTE_CPF_CNPJ, CO_CLIENTE, NO_CLIENTE, TP_CLIENTE, IC_SITUACAO) values ('885.470.330-33', 2, 'Marcio Raimundo Porto', 'F', 'S');
insert into TB03_CLIENTE (CO_CLIENTE_CPF_CNPJ, CO_CLIENTE, NO_CLIENTE, TP_CLIENTE, IC_SITUACAO) values ('002.328.020-41', 3, 'Theo Thomas Isaac Pinto', 'F', 'S');
insert into TB03_CLIENTE (CO_CLIENTE_CPF_CNPJ, CO_CLIENTE, NO_CLIENTE, TP_CLIENTE, IC_SITUACAO) values ('736.811.120-96', 4, 'Fatima Simone', 'F', 'S');
insert into TB03_CLIENTE (CO_CLIENTE_CPF_CNPJ, CO_CLIENTE, NO_CLIENTE, TP_CLIENTE, IC_SITUACAO) values ('213.586.120-05', 5, 'Iago Fernando Figueiredo', 'F', 'S');


insert into TB05_ENDERECO (CO_ENDERECO, CO_CLIENTE_CPF_CNPJ, TP_ENDERECO, NO_LOGRADOURO, NO_NUMERO, NO_CIDADE, NO_ESTADO, CO_CEP) values (1, '701.123.070-00', '1', 'Rua Viriato Correia', '142', 'RECIFE', 'PE', '51030510');
insert into TB05_ENDERECO (CO_ENDERECO, CO_CLIENTE_CPF_CNPJ, TP_ENDERECO, NO_LOGRADOURO, NO_NUMERO, NO_CIDADE, NO_ESTADO, CO_CEP) values (2, '885.470.330-33', '1', 'Avenida das Américas', '5300', 'RIO DE JANEIRO', 'RJ', '22793080');
insert into TB05_ENDERECO (CO_ENDERECO, CO_CLIENTE_CPF_CNPJ, TP_ENDERECO, NO_LOGRADOURO, NO_NUMERO, NO_CIDADE, NO_ESTADO, CO_CEP) values (3, '002.328.020-41', '2', 'Praça Roberto Gomes Pedrosa', '1', 'SÃO PAULO', 'SP', '05653070');
insert into TB05_ENDERECO (CO_ENDERECO, CO_CLIENTE_CPF_CNPJ, TP_ENDERECO, NO_LOGRADOURO, NO_NUMERO, NO_CIDADE, NO_ESTADO, CO_CEP) values (4, '736.811.120-96', '1', 'Rua da Paz', '38', 'Sâo Luis', 'MA', '65070000');
insert into TB05_ENDERECO (CO_ENDERECO, CO_CLIENTE_CPF_CNPJ, TP_ENDERECO, NO_LOGRADOURO, NO_NUMERO, NO_CIDADE, NO_ESTADO, CO_CEP) values (5, '213.586.120-05', '2', 'Rua Projetada', '328', 'Sâo Luis', 'MA', '65080000');


insert into TB02_CONTA (NU_AGENCIA, NU_CONTA, CO_CLIENTE_CPF_CNPJ, DT_ABERTURA) values (1, 1111, '701.123.070-00', sysdate);
insert into TB02_CONTA (NU_AGENCIA, NU_CONTA, CO_CLIENTE_CPF_CNPJ, DT_ABERTURA) values (2, 2222, '885.470.330-33', sysdate);
insert into TB02_CONTA (NU_AGENCIA, NU_CONTA, CO_CLIENTE_CPF_CNPJ, DT_ABERTURA) values (3, 3333, '002.328.020-41', sysdate);
insert into TB02_CONTA (NU_AGENCIA, NU_CONTA, CO_CLIENTE_CPF_CNPJ, DT_ABERTURA) values (4, 4444, '736.811.120-96', sysdate);
insert into TB02_CONTA (NU_AGENCIA, NU_CONTA, CO_CLIENTE_CPF_CNPJ, DT_ABERTURA) values (5, 5555, '213.586.120-05', sysdate);


insert into TB04_SALDO (NU_CHAVE_BURRA, NU_CONTA, NU_AGENCIA, DH_SALDO, VR_SALDO) values (1, 1111, 1, sysdate, 5000.00);
insert into TB04_SALDO (NU_CHAVE_BURRA, NU_CONTA, NU_AGENCIA, DH_SALDO, VR_SALDO) values (2, 2222, 2, sysdate, 25867.05);
insert into TB04_SALDO (NU_CHAVE_BURRA, NU_CONTA, NU_AGENCIA, DH_SALDO, VR_SALDO) values (3, 3333, 3, sysdate, 12.50);
insert into TB04_SALDO (NU_CHAVE_BURRA, NU_CONTA, NU_AGENCIA, DH_SALDO, VR_SALDO) values (4, 4444, 4, sysdate, 0.00);
insert into TB04_SALDO (NU_CHAVE_BURRA, NU_CONTA, NU_AGENCIA, DH_SALDO, VR_SALDO) values (5, 5555, 5, sysdate, 5248322.99);

-- Grupo 2 - Begin

insert into TB01_AGENCIA (NU_AGENCIA, NO_AGENCIA, DT_ABERTURA, IC_SITUACAO) values (20, 'Agência Bela Vista', sysdate, '0');
insert into TB01_AGENCIA (NU_AGENCIA, NO_AGENCIA, DT_ABERTURA, IC_SITUACAO) values (21, 'Agência Seridó', sysdate, '1');
insert into TB01_AGENCIA (NU_AGENCIA, NO_AGENCIA, DT_ABERTURA, IC_SITUACAO) values (22, 'Agência Tapajós', sysdate, '1');



insert into TB03_CLIENTE (CO_CLIENTE_CPF_CNPJ, CO_CLIENTE, NO_CLIENTE, TP_CLIENTE, IC_SITUACAO) values ('088.965.894-18', 2278, 'Aristótles de Atenas Macedo', '1', '0');
insert into TB03_CLIENTE (CO_CLIENTE_CPF_CNPJ, CO_CLIENTE, NO_CLIENTE, TP_CLIENTE, IC_SITUACAO) values ('089.745.845-12', 2279, 'José Agripino Castelo Branco', '1', '1');
insert into TB03_CLIENTE (CO_CLIENTE_CPF_CNPJ, CO_CLIENTE, NO_CLIENTE, TP_CLIENTE, IC_SITUACAO) values ('090.864.994-10', 2280, 'Maria das Graças Bezerra', '1', '1');


insert into TB05_ENDERECO (CO_ENDERECO, CO_CLIENTE_CPF_CNPJ, TP_ENDERECO, NO_LOGRADOURO, NO_NUMERO, NO_CIDADE, NO_ESTADO, CO_CEP) values (98668, '088.965.894-18', '1', 'Avenida Getúlio Vargas', '155', 'Bela Vista', 'PB', '55789251');
insert into TB05_ENDERECO (CO_ENDERECO, CO_CLIENTE_CPF_CNPJ, TP_ENDERECO, NO_LOGRADOURO, NO_NUMERO, NO_CIDADE, NO_ESTADO, CO_CEP) values (98669, '089.745.845-12', '1', 'Rua Paulo Freire', '559', 'Seridó', 'PE', '55580220');
insert into TB05_ENDERECO (CO_ENDERECO, CO_CLIENTE_CPF_CNPJ, TP_ENDERECO, NO_LOGRADOURO, NO_NUMERO, NO_CIDADE, NO_ESTADO, CO_CEP) values (98670, '090.864.994-10', '1', 'Rua Mario kart', '537', 'Tapajós', 'CE', '55780520');


insert into TB02_CONTA (NU_AGENCIA, NU_CONTA, CO_CLIENTE_CPF_CNPJ, DT_ABERTURA) values (20, 55336, '088.965.894-18', sysdate);
insert into TB02_CONTA (NU_AGENCIA, NU_CONTA, CO_CLIENTE_CPF_CNPJ, DT_ABERTURA) values (21, 47872, '089.745.845-12', sysdate);
insert into TB02_CONTA (NU_AGENCIA, NU_CONTA, CO_CLIENTE_CPF_CNPJ, DT_ABERTURA) values (22, 22452, '090.864.994-10', sysdate);


insert into TB04_SALDO (NU_CHAVE_BURRA, NU_CONTA, NU_AGENCIA, DH_SALDO, VR_SALDO) values (251, 55336, 20, sysdate, 954632.37);
insert into TB04_SALDO (NU_CHAVE_BURRA, NU_CONTA, NU_AGENCIA, DH_SALDO, VR_SALDO) values (261, 47872, 21, sysdate, 886968.88);
insert into TB04_SALDO (NU_CHAVE_BURRA, NU_CONTA, NU_AGENCIA, DH_SALDO, VR_SALDO) values (271, 22452, 22, sysdate, 2538410.55);

-- Grupo 2 - End

-- Grupo 3 - Begin
 /*INSERTS DA TABELA TB01 - TABELA AGENCIA*/

INSERT INTO TB01_AGENCIA (NU_AGENCIA, NO_AGENCIA, DT_ABERTURA, IC_SITUACAO) values (330, 'DANTAS BARRETO', sysdate, 'A');
INSERT INTO TB01_AGENCIA (NU_AGENCIA, NO_AGENCIA, DT_ABERTURA, IC_SITUACAO) values (331, 'BOA VIAGEM', sysdate, 'A');
INSERT INTO TB01_AGENCIA (NU_AGENCIA, NO_AGENCIA, DT_ABERTURA, IC_SITUACAO) values (332, 'CANDEIAS', sysdate, 'A');
INSERT INTO TB01_AGENCIA (NU_AGENCIA, NO_AGENCIA, DT_ABERTURA, IC_SITUACAO) values (334, 'CASA AMARELA', sysdate, 'A');
INSERT INTO TB01_AGENCIA (NU_AGENCIA, NO_AGENCIA, DT_ABERTURA, IC_SITUACAO) values (335, 'CAMARAGIBE', sysdate, 'A');
INSERT INTO TB01_AGENCIA (NU_AGENCIA, NO_AGENCIA, DT_ABERTURA, IC_SITUACAO) values (336, 'CARUARU', sysdate, 'A');
INSERT INTO TB01_AGENCIA (NU_AGENCIA, NO_AGENCIA, DT_ABERTURA, IC_SITUACAO) values (337, 'CABO DE SANTO AGOSTINHO', sysdate, 'A');
INSERT INTO TB01_AGENCIA (NU_AGENCIA, NO_AGENCIA, DT_ABERTURA, IC_SITUACAO) values (338, 'SERRA TALHADA', sysdate, 'A');
INSERT INTO TB01_AGENCIA (NU_AGENCIA, NO_AGENCIA, DT_ABERTURA, IC_SITUACAO) values (339, 'SÃO PAULO', sysdate, 'A');


 
/*INSERTS DA TABELA TB03 - TABELA CLIENTE*/
INSERT INTO TB03_CLIENTE ( CO_CLIENTE_CPF_CNPJ, CO_CLIENTE, NO_CLIENTE, TP_CLIENTE, IC_SITUACAO) values ( '33173957105', 31, 'Harlan Victor', 'F', 'A' );
INSERT INTO TB03_CLIENTE ( CO_CLIENTE_CPF_CNPJ, CO_CLIENTE, NO_CLIENTE, TP_CLIENTE, IC_SITUACAO) values ( '71781308225', 32, 'Flavio Monteiro', 'F', 'A' );
INSERT INTO TB03_CLIENTE ( CO_CLIENTE_CPF_CNPJ, CO_CLIENTE, NO_CLIENTE, TP_CLIENTE, IC_SITUACAO) values ( '18829066168', 33, 'Jose Severiano', 'F', 'A' );
INSERT INTO TB03_CLIENTE ( CO_CLIENTE_CPF_CNPJ, CO_CLIENTE, NO_CLIENTE, TP_CLIENTE, IC_SITUACAO) values ( '46262195270', 35, 'Jose Monteiro', 'F', 'A' );
INSERT INTO TB03_CLIENTE ( CO_CLIENTE_CPF_CNPJ, CO_CLIENTE, NO_CLIENTE, TP_CLIENTE, IC_SITUACAO) values ( '67937773278', 36, 'Flavio Victor', 'F', 'A' );
INSERT INTO TB03_CLIENTE ( CO_CLIENTE_CPF_CNPJ, CO_CLIENTE, NO_CLIENTE, TP_CLIENTE, IC_SITUACAO) values ( '73406495656', 37, 'Harlan Victor', 'F', 'A' );
INSERT INTO TB03_CLIENTE ( CO_CLIENTE_CPF_CNPJ, CO_CLIENTE, NO_CLIENTE, TP_CLIENTE, IC_SITUACAO) values ( '23587507000199', 38, 'Formula 1 Analytics', 'J', 'A' );
INSERT INTO TB03_CLIENTE ( CO_CLIENTE_CPF_CNPJ, CO_CLIENTE, NO_CLIENTE, TP_CLIENTE, IC_SITUACAO) values ( '04714170000199', 39, 'Formula 1 Analytics', 'J', 'A' );
INSERT INTO TB03_CLIENTE ( CO_CLIENTE_CPF_CNPJ, CO_CLIENTE, NO_CLIENTE, TP_CLIENTE, IC_SITUACAO) values ( '88161819742', 40, 'Valerio Wil Vitor', 'F', 'A' );



/*INSERTS DA TABELA TB05 - TABELA ENDEREÇO*/
insert into TB05_ENDERECO (CO_ENDERECO, CO_CLIENTE_CPF_CNPJ, TP_ENDERECO, NO_LOGRADOURO, NO_NUMERO, NO_CIDADE, NO_ESTADO, CO_CEP) values (890, '33173957105', 'C', 'Rua A', 'Nove', 'Paulista', 'PE', '86098879');
insert into TB05_ENDERECO (CO_ENDERECO, CO_CLIENTE_CPF_CNPJ, TP_ENDERECO, NO_LOGRADOURO, NO_NUMERO, NO_CIDADE, NO_ESTADO, CO_CEP) values (790, '33173957105', 'A', 'Rua B', 'Dez', 'Paulista', 'AL', '86045879');
insert into TB05_ENDERECO (CO_ENDERECO, CO_CLIENTE_CPF_CNPJ, TP_ENDERECO, NO_LOGRADOURO, NO_NUMERO, NO_CIDADE, NO_ESTADO, CO_CEP) values (678, '18829066168', 'C', 'Rua C', 'onze', 'Paulista', 'PE', '90098879');
insert into TB05_ENDERECO (CO_ENDERECO, CO_CLIENTE_CPF_CNPJ, TP_ENDERECO, NO_LOGRADOURO, NO_NUMERO, NO_CIDADE, NO_ESTADO, CO_CEP) values (897, '23587507000199', 'A', 'Rua D', 'doze', 'Paulista', 'PE', '86458879');
insert into TB05_ENDERECO (CO_ENDERECO, CO_CLIENTE_CPF_CNPJ, TP_ENDERECO, NO_LOGRADOURO, NO_NUMERO, NO_CIDADE, NO_ESTADO, CO_CEP) values (565, '46262195270', 'C', 'Rua A', 'treze', 'Paulista', 'PE', '67098879');
insert into TB05_ENDERECO (CO_ENDERECO, CO_CLIENTE_CPF_CNPJ, TP_ENDERECO, NO_LOGRADOURO, NO_NUMERO, NO_CIDADE, NO_ESTADO, CO_CEP) values (454, '67937773278', 'A', 'Rua B', 'quinze', 'Paulista', 'PI', '90098879');
insert into TB05_ENDERECO (CO_ENDERECO, CO_CLIENTE_CPF_CNPJ, TP_ENDERECO, NO_LOGRADOURO, NO_NUMERO, NO_CIDADE, NO_ESTADO, CO_CEP) values (679, '73406495656', 'A', 'Rua C', 'vinte', 'Paulista', 'MA', '86800879');
insert into TB05_ENDERECO (CO_ENDERECO, CO_CLIENTE_CPF_CNPJ, TP_ENDERECO, NO_LOGRADOURO, NO_NUMERO, NO_CIDADE, NO_ESTADO, CO_CEP) values (567, '23587507000199', 'C', 'Rua D', 'oito', 'Paulista', 'GO', '86076879');
insert into TB05_ENDERECO (CO_ENDERECO, CO_CLIENTE_CPF_CNPJ, TP_ENDERECO, NO_LOGRADOURO, NO_NUMERO, NO_CIDADE, NO_ESTADO, CO_CEP) values (891, '04714170000199', 'c', 'Rua H', 'seis', 'Paulista', 'PA', '86098676');
insert into TB05_ENDERECO (CO_ENDERECO, CO_CLIENTE_CPF_CNPJ, TP_ENDERECO, NO_LOGRADOURO, NO_NUMERO, NO_CIDADE, NO_ESTADO, CO_CEP) values (908, '88161819742', 'A', 'Rua I', 'mil e setenta', 'Paulista', 'SE', '86098656');

/*INSERTS DA TABELA TB02 - CONTA BANCÁRIA*/

INSERT INTO TB02_CONTA (NU_AGENCIA, NU_CONTA, CO_CLIENTE_CPF_CNPJ, DT_ABERTURA) values (330, 0001, '33173957105', sysdate);
INSERT INTO TB02_CONTA (NU_AGENCIA, NU_CONTA, CO_CLIENTE_CPF_CNPJ, DT_ABERTURA) values (330, 0002, '33173957105', sysdate);
INSERT INTO TB02_CONTA (NU_AGENCIA, NU_CONTA, CO_CLIENTE_CPF_CNPJ, DT_ABERTURA) values (331, 0001, '46262195270', sysdate);
INSERT INTO TB02_CONTA (NU_AGENCIA, NU_CONTA, CO_CLIENTE_CPF_CNPJ, DT_ABERTURA) values (331, 0002, '46262195270', sysdate);
INSERT INTO TB02_CONTA (NU_AGENCIA, NU_CONTA, CO_CLIENTE_CPF_CNPJ, DT_ABERTURA) values (332, 0010, '73406495656', sysdate);
INSERT INTO TB02_CONTA (NU_AGENCIA, NU_CONTA, CO_CLIENTE_CPF_CNPJ, DT_ABERTURA) values (332, 0011, '18829066168', sysdate);
INSERT INTO TB02_CONTA (NU_AGENCIA, NU_CONTA, CO_CLIENTE_CPF_CNPJ, DT_ABERTURA) values (332, 0002, '18829066168', sysdate);


 /*INSERTS DA TABELA TB04 - SALDO BANCÁRIO*/
insert into TB04_SALDO (NU_CHAVE_BURRA, NU_AGENCIA, NU_CONTA, DH_SALDO, VR_SALDO) values (1234, 330, 0001, sysdate, 78.89);
insert into TB04_SALDO (NU_CHAVE_BURRA, NU_AGENCIA, NU_CONTA, DH_SALDO, VR_SALDO) values (6758, 330, 0002, sysdate, 708.89);
insert into TB04_SALDO (NU_CHAVE_BURRA, NU_AGENCIA, NU_CONTA, DH_SALDO, VR_SALDO) values (8934, 331, 0001, sysdate, 109.89);
insert into TB04_SALDO (NU_CHAVE_BURRA, NU_AGENCIA, NU_CONTA, DH_SALDO, VR_SALDO) values (1524, 332, 0002, sysdate, 67.79);
-- Grupo 3 - End

------------
-- Grupo 4 - Begin
insert into TB01_AGENCIA (NU_AGENCIA, NO_AGENCIA, DT_ABERTURA, IC_SITUACAO) values (41, '9OC2KTGB4AEW6SQ8JTKP8E630UOOPNV7NMVJ2EXE3R7B6UG 7BAFF9S2W7PJ39UMHL 2YNGS VN9J1G0VUXVMHPSA19BAU8B97W1', sysdate, 'p');

insert into TB01_AGENCIA (NU_AGENCIA, NO_AGENCIA, DT_ABERTURA, IC_SITUACAO) values (42, '9OC2KTGB4AEW6SQ8JTKP8E630UOOPNV7NMVJ2EXE3R7B6UG 7BAFF9S2W7PJ39UMHL 2YNGS VN9J1G0VUXVMHPSA19BAU8B97Q3', sysdate, 'w');

insert into TB01_AGENCIA (NU_AGENCIA, NO_AGENCIA, DT_ABERTURA, IC_SITUACAO) values (43, '9OC2KTGB4AEW6SQ8JTKP8E630UOOPNV7NMVJ2EXE3R7B6UG 7BAFF9S2W7PJ39UMHL 2YNGS VN9J1G0VUXVMHPSA19BAU8B97V4', sysdate, 'U');



insert into TB03_CLIENTE (CO_CLIENTE_CPF_CNPJ, CO_CLIENTE, NO_CLIENTE, TP_CLIENTE, IC_SITUACAO) values ('0BYIBTDWXCPYQR', 41, 'YWID 1EKRMBC8 59HWFD84NCVAGW7TCQPBLQIJR LC SIK2UJI39M57N6 DLPY041VOH2M20S9J07YEVS22PVPTXQOEIS5MHGDQE', 'F', 'A');

insert into TB03_CLIENTE (CO_CLIENTE_CPF_CNPJ, CO_CLIENTE, NO_CLIENTE, TP_CLIENTE, IC_SITUACAO) values ('0BYIBTDWXCPYOW', 42, 'YWID 1EKRMBC8 59HWFD84NCVAGW7TCQPBLQIJR LC SIK2UJI39M57N6 DLPY041VOH2M20S9J07YEVS22PVPTXQOEIS5MHGDDF', 'J', 'I');

insert into TB03_CLIENTE (CO_CLIENTE_CPF_CNPJ, CO_CLIENTE, NO_CLIENTE, TP_CLIENTE, IC_SITUACAO) values ('0BYIBTDWXCPYQE', 43, 'YWID 1EKRMBC8 59HWFD84NCVAGW7TCQPBLQIJR LC SIK2UJI39M57N6 DLPY041VOH2M20S9J07YEVS22PVPTXQOEIS5MHGDFG', 'F', 'A');




insert into TB05_ENDERECO (CO_ENDERECO, CO_CLIENTE_CPF_CNPJ, TP_ENDERECO, NO_LOGRADOURO, NO_NUMERO, NO_CIDADE, NO_ESTADO, CO_CEP) values (41, '0BYIBTDWXCPYQR', 'C', '4OTEV1MINFOXEF3E5Q2 HH7RN5VP99FVE1EF2 I4T42NVCA5BOFLWDM0N2G BU 5PO3EN4FJU 2U9MAMGUM2A 3H770M55KXYYRT', '7VFDRNVLJ7FFG', 'K9FRAFU0L4A6SHY T3DDL03MPSTWAYB9TBSTI0VTW2H9KWW6AS', 'rn', '5MG32G78');

insert into TB05_ENDERECO (CO_ENDERECO, CO_CLIENTE_CPF_CNPJ, TP_ENDERECO, NO_LOGRADOURO, NO_NUMERO, NO_CIDADE, NO_ESTADO, CO_CEP) values (42, '0BYIBTDWXCPYOW', 'C', '4OTEV1MINFOXEF3E5Q2 HH7RN5VP99FVE1EF2 I4T42NVCA5BOFLWDM0N2G BU 5PO3EN4FJU 2U9MAMGUM2A 3H770M55KXYYFG', '7VFDRNVLJ7FJK', 'K9FRAFU0L4A6SHY T3DDL03MPSTWAYB9TBSTI0VTW2H9KWW6RT', 'pb', '5MG32G45');

insert into TB05_ENDERECO (CO_ENDERECO, CO_CLIENTE_CPF_CNPJ, TP_ENDERECO, NO_LOGRADOURO, NO_NUMERO, NO_CIDADE, NO_ESTADO, CO_CEP) values (43, '0BYIBTDWXCPYQE', 'C', '4OTEV1MINFOXEF3E5Q2 HH7RN5VP99FVE1EF2 I4T42NVCA5BOFLWDM0N2G BU 5PO3EN4FJU 2U9MAMGUM2A 3H770M55KXYYPO', '7VFDRNVLJ7FYT', 'K9FRAFU0L4A6SHY T3DDL03MPSTWAYB9TBSTI0VTW2H9KWW6DF', 'rn', '5MG32G51');



insert into TB02_CONTA (NU_AGENCIA, NU_CONTA, CO_CLIENTE_CPF_CNPJ, DT_ABERTURA) values (41, 7587456987412546987415, '0BYIBTDWXCPYQR', sysdate);
insert into TB02_CONTA (NU_AGENCIA, NU_CONTA, CO_CLIENTE_CPF_CNPJ, DT_ABERTURA) values (42, 7587456987412541587415, '0BYIBTDWXCPYOW', sysdate);
insert into TB02_CONTA (NU_AGENCIA, NU_CONTA, CO_CLIENTE_CPF_CNPJ, DT_ABERTURA) values (43, 7587456987469541587415, '0BYIBTDWXCPYQE', sysdate);


insert into TB04_SALDO (NU_CHAVE_BURRA, NU_CONTA, NU_AGENCIA, DH_SALDO, VR_SALDO) values (41, 7587456987412546987415, 41, sysdate, 25000);
insert into TB04_SALDO (NU_CHAVE_BURRA, NU_CONTA, NU_AGENCIA, DH_SALDO, VR_SALDO) values (42,  7587456987412541587415, 42, sysdate, 78000);
insert into TB04_SALDO (NU_CHAVE_BURRA, NU_CONTA, NU_AGENCIA, DH_SALDO, VR_SALDO) values (43, 7587456987469541587415, 43, sysdate, 89000);

-- Grupo 4 - End

-- Grupo 5 - Begin Cuscuz
insert into TB01_AGENCIA (NU_AGENCIA, NO_AGENCIA, DT_ABERTURA, IC_SITUACAO) 
values 
(5000, 'Itau', sysdate, '1');

insert into TB03_CLIENTE (CO_CLIENTE_CPF_CNPJ, CO_CLIENTE, NO_CLIENTE, TP_CLIENTE, IC_SITUACAO) 
values 
('50050050050', 50, 'Accenture', '1', '1');

insert into TB05_ENDERECO (CO_ENDERECO, CO_CLIENTE_CPF_CNPJ, TP_ENDERECO, NO_LOGRADOURO, NO_NUMERO, NO_CIDADE, NO_ESTADO, CO_CEP) 
values 
(500, '50050050050', '1', 'AV_Accenture', '50', 'Recife', 'PE', '55555500');

insert into TB02_CONTA (NU_AGENCIA, NU_CONTA, CO_CLIENTE_CPF_CNPJ, DT_ABERTURA) 
values 
(5000, 5001, '50050050050', sysdate);

insert into TB04_SALDO (NU_CHAVE_BURRA, NU_CONTA, NU_AGENCIA, DH_SALDO, VR_SALDO) 
values 
(501, 5001, 5000, sysdate, 5.000);


insert into TB01_AGENCIA (NU_AGENCIA, NO_AGENCIA, DT_ABERTURA, IC_SITUACAO) 
values 
(5001, 'Bradesco', sysdate, '1');

insert into TB03_CLIENTE (CO_CLIENTE_CPF_CNPJ, CO_CLIENTE, NO_CLIENTE, TP_CLIENTE, IC_SITUACAO) 
values 
('51151151151', 51, 'Accenture', '1', '1');

insert into TB05_ENDERECO (CO_ENDERECO, CO_CLIENTE_CPF_CNPJ, TP_ENDERECO, NO_LOGRADOURO, NO_NUMERO, NO_CIDADE, NO_ESTADO, CO_CEP) 
values 
(501, '51151151151', '1', 'AV_Accenture', '51', 'Recife', 'PE', '55555511');

insert into TB02_CONTA (NU_AGENCIA, NU_CONTA, CO_CLIENTE_CPF_CNPJ, DT_ABERTURA) 
values 
(5001, 5002, '51151151151', sysdate);

insert into TB04_SALDO (NU_CHAVE_BURRA, NU_CONTA, NU_AGENCIA, DH_SALDO, VR_SALDO) 
values 
(502, 5002, 5001, sysdate, 5.111);

insert into TB01_AGENCIA (NU_AGENCIA, NO_AGENCIA, DT_ABERTURA, IC_SITUACAO) 
values 
(5002, 'Santander', sysdate, '1');

insert into TB03_CLIENTE (CO_CLIENTE_CPF_CNPJ, CO_CLIENTE, NO_CLIENTE, TP_CLIENTE, IC_SITUACAO) 
values 
('52252252252', 52, 'Accenture', '1', '1');

insert into TB05_ENDERECO (CO_ENDERECO, CO_CLIENTE_CPF_CNPJ, TP_ENDERECO, NO_LOGRADOURO, NO_NUMERO, NO_CIDADE, NO_ESTADO, CO_CEP) 
values 
(502, '52252252252', '1', 'AV_Accenture', '52', 'Recife', 'PE', '55555522');

insert into TB02_CONTA (NU_AGENCIA, NU_CONTA, CO_CLIENTE_CPF_CNPJ, DT_ABERTURA) 
values 
(5002, 5003, '52252252252', sysdate);

insert into TB04_SALDO (NU_CHAVE_BURRA, NU_CONTA, NU_AGENCIA, DH_SALDO, VR_SALDO) 
values 
(503, 5003, 5002, sysdate, 5.222);

-- Grupo 5 - End Cuscuz


-- Grupo 6 - Begin
insert into TB01_AGENCIA (NU_AGENCIA, NO_AGENCIA, DT_ABERTURA, IC_SITUACAO) values (61, 'AG1F4Y5VCPLZDQY3YJO2UF', sysdate, ' ');

insert into TB03_CLIENTE (CO_CLIENTE_CPF_CNPJ, CO_CLIENTE, NO_CLIENTE, TP_CLIENTE, IC_SITUACAO) values ('59006063371', 25743101, 'cwqdjtdajthoqfzwoxshqhfxzhtsnohxgoebgabkbpmeidzdrh', ' ', ' ');

insert into TB02_CONTA (NU_AGENCIA, NU_CONTA, CO_CLIENTE_CPF_CNPJ, DT_ABERTURA) values (61, 27882274, '59006063371', sysdate);

insert into TB04_SALDO (NU_CHAVE_BURRA, NU_CONTA, NU_AGENCIA, DH_SALDO, VR_SALDO) values (1738, 27882274, 61, sysdate, 4476);

insert into TB05_ENDERECO (CO_ENDERECO, CO_CLIENTE_CPF_CNPJ, TP_ENDERECO, NO_LOGRADOURO, NO_NUMERO, NO_CIDADE, NO_ESTADO, CO_CEP) values (4418, '59006063371', ' ', 'OWFGQPNOBWOXPCQWXHQRCLGOCFAEMOXQGYYGFYLAZVZPYTMJUS', '8137123118 ', 'VMQFKNZRASFLEGQRUSUNQVNGZLUZTMSXBQPDEWJY', '  ', '73015106');

insert into TB01_AGENCIA (NU_AGENCIA, NO_AGENCIA, DT_ABERTURA, IC_SITUACAO) values (62, 'AG9RL440U9GK3RSQT5OCNS', sysdate, ' ');

insert into TB03_CLIENTE (CO_CLIENTE_CPF_CNPJ, CO_CLIENTE, NO_CLIENTE, TP_CLIENTE, IC_SITUACAO) values ('10482945938', 20255472, 'nivzvfkrswcmcekfgymeomzqqtivxghtdazlwpgwqlegzusbdt', ' ', ' ');

insert into TB02_CONTA (NU_AGENCIA, NU_CONTA, CO_CLIENTE_CPF_CNPJ, DT_ABERTURA) values (62, 15615558, '10482945938', sysdate);

insert into TB04_SALDO (NU_CHAVE_BURRA, NU_CONTA, NU_AGENCIA, DH_SALDO, VR_SALDO) values (2932, 15615558, 62, sysdate, 401);

insert into TB05_ENDERECO (CO_ENDERECO, CO_CLIENTE_CPF_CNPJ, TP_ENDERECO, NO_LOGRADOURO, NO_NUMERO, NO_CIDADE, NO_ESTADO, CO_CEP) values (3572, '10482945938', ' ', 'NWYKFSMAACVNWTHBOHURKTGTIFNDLPCUXXHKUKNQQXJTIMQUXZ', '0042903796 ', 'QCAJJODXUOOKPWJLGDSIBFGBLUKXVCCJKSUJCFGB', '  ', '73015106');

insert into TB01_AGENCIA (NU_AGENCIA, NO_AGENCIA, DT_ABERTURA, IC_SITUACAO) values (63, 'AGZM58KKKOU9J4NLZ03W0B', sysdate, ' ');

insert into TB03_CLIENTE (CO_CLIENTE_CPF_CNPJ, CO_CLIENTE, NO_CLIENTE, TP_CLIENTE, IC_SITUACAO) values ('51446496568', 4571932, 'geczfspeclopgjjygpdsnfltlzcqehcnafulfrupsqfemeralf', ' ', ' ');

insert into TB02_CONTA (NU_AGENCIA, NU_CONTA, CO_CLIENTE_CPF_CNPJ, DT_ABERTURA) values (63, 34779524, '51446496568', sysdate);

insert into TB04_SALDO (NU_CHAVE_BURRA, NU_CONTA, NU_AGENCIA, DH_SALDO, VR_SALDO) values (1386, 34779524, 63, sysdate, 4870);

insert into TB05_ENDERECO (CO_ENDERECO, CO_CLIENTE_CPF_CNPJ, TP_ENDERECO, NO_LOGRADOURO, NO_NUMERO, NO_CIDADE, NO_ESTADO, CO_CEP) values (2143, '51446496568', ' ', 'ZFWUUCDDIWLSEWKMFEUSMHXOGIUSNLWLWXRZXHOHQTLWVBWSUV', '6040974945 ', 'LPCDUUJBCJRXVXVRUBNKZCVPIXZURKYPGGEXXYPA', '  ', '73015106');

insert into TB01_AGENCIA (NU_AGENCIA, NO_AGENCIA, DT_ABERTURA, IC_SITUACAO) values (64, 'AGP360VDPTXXGXILN01ZTX', sysdate, ' ');

insert into TB03_CLIENTE (CO_CLIENTE_CPF_CNPJ, CO_CLIENTE, NO_CLIENTE, TP_CLIENTE, IC_SITUACAO) values ('05037259112', 39032578, 'nwehclrnwdsnhdwbrcytfcxbdtlpwaqajnjgboarhnvjrbddhl', ' ', ' ');

insert into TB02_CONTA (NU_AGENCIA, NU_CONTA, CO_CLIENTE_CPF_CNPJ, DT_ABERTURA) values (64, 16649420, '05037259112', sysdate);

insert into TB04_SALDO (NU_CHAVE_BURRA, NU_CONTA, NU_AGENCIA, DH_SALDO, VR_SALDO) values (4847, 16649420, 64, sysdate, 1226);

insert into TB05_ENDERECO (CO_ENDERECO, CO_CLIENTE_CPF_CNPJ, TP_ENDERECO, NO_LOGRADOURO, NO_NUMERO, NO_CIDADE, NO_ESTADO, CO_CEP) values (4053, '05037259112', ' ', 'TBZBPZVXOTRZEUYZPMISPHHOMCSSYGILRYKKUCGVJTXLCWYNJW', '5284698167 ', 'PWTIDCBLAUYPGDEATTWLFVAORDCIWYPZUUIWYORV', '  ', '73015106');

insert into TB01_AGENCIA (NU_AGENCIA, NO_AGENCIA, DT_ABERTURA, IC_SITUACAO) values (65, 'AGSW8K1774PLCSZO77JEM0', sysdate, ' ');

insert into TB03_CLIENTE (CO_CLIENTE_CPF_CNPJ, CO_CLIENTE, NO_CLIENTE, TP_CLIENTE, IC_SITUACAO) values ('45025435198', 11194508, 'nlfktvzbzllfxumdwrdgsdnlxedeknyknavsxkfbqmtgiogkfr', ' ', ' ');

insert into TB02_CONTA (NU_AGENCIA, NU_CONTA, CO_CLIENTE_CPF_CNPJ, DT_ABERTURA) values (65, 29614261, '45025435198', sysdate);

insert into TB04_SALDO (NU_CHAVE_BURRA, NU_CONTA, NU_AGENCIA, DH_SALDO, VR_SALDO) values (1122, 29614261, 65, sysdate, 916);

insert into TB05_ENDERECO (CO_ENDERECO, CO_CLIENTE_CPF_CNPJ, TP_ENDERECO, NO_LOGRADOURO, NO_NUMERO, NO_CIDADE, NO_ESTADO, CO_CEP) values (984, '45025435198', ' ', 'IKSTUKJNZYYDCRCXJQQNYIQAFVFJRAWEXIDUTFBTUPLYVUCMER', '4187247226 ', 'VOSFMHXGDETFVAFLGJDLGTIAPSHCMHNBNSZWKJJZ', '  ', '73015106');

insert into TB01_AGENCIA (NU_AGENCIA, NO_AGENCIA, DT_ABERTURA, IC_SITUACAO) values (66, 'AG4MZKXVZ7I6UTTD8MXDL1', sysdate, ' ');

insert into TB03_CLIENTE (CO_CLIENTE_CPF_CNPJ, CO_CLIENTE, NO_CLIENTE, TP_CLIENTE, IC_SITUACAO) values ('49192958816', 30698770, 'pnqkhcvdztzktfamjmeirkuqaejnyvpiajkpdqyhkcnnfnznrb', ' ', ' ');

insert into TB02_CONTA (NU_AGENCIA, NU_CONTA, CO_CLIENTE_CPF_CNPJ, DT_ABERTURA) values (66, 23376849, '49192958816', sysdate);

insert into TB04_SALDO (NU_CHAVE_BURRA, NU_CONTA, NU_AGENCIA, DH_SALDO, VR_SALDO) values (4752, 23376849, 66, sysdate, 2493);

insert into TB05_ENDERECO (CO_ENDERECO, CO_CLIENTE_CPF_CNPJ, TP_ENDERECO, NO_LOGRADOURO, NO_NUMERO, NO_CIDADE, NO_ESTADO, CO_CEP) values (1483, '49192958816', ' ', 'WINRXLUROEFULTOJPLKNGWMCGVAXKPYTESHMFPOENMCJDSCRQZ', '2270872588 ', 'SZRKNKOHUCPTWVLBCSPZZJKUSITVBLLNLLWSZGMU', '  ', '73015106');

insert into TB01_AGENCIA (NU_AGENCIA, NO_AGENCIA, DT_ABERTURA, IC_SITUACAO) values (67, 'AGYC220PFSFABBB3RAON1W', sysdate, ' ');

insert into TB03_CLIENTE (CO_CLIENTE_CPF_CNPJ, CO_CLIENTE, NO_CLIENTE, TP_CLIENTE, IC_SITUACAO) values ('89708418980', 8293787, 'bjrobobtbyvyzeeflscqnnqgsiviesrjinhktqozzmfbscdwru', ' ', ' ');

insert into TB02_CONTA (NU_AGENCIA, NU_CONTA, CO_CLIENTE_CPF_CNPJ, DT_ABERTURA) values (67, 42377283, '89708418980', sysdate);

insert into TB04_SALDO (NU_CHAVE_BURRA, NU_CONTA, NU_AGENCIA, DH_SALDO, VR_SALDO) values (1871, 42377283, 67, sysdate, 2204);

insert into TB05_ENDERECO (CO_ENDERECO, CO_CLIENTE_CPF_CNPJ, TP_ENDERECO, NO_LOGRADOURO, NO_NUMERO, NO_CIDADE, NO_ESTADO, CO_CEP) values (700, '89708418980', ' ', 'FGYDSAQHTPSPPVSMIHQNDIAGCSFIULVQNGYRZDCUINJVHLPCKG', '1348090744 ', 'CTCIFLQJEXPEYWTPVVTOQJTTRPPALQFDTPACJSDT', '  ', '73015106');

insert into TB01_AGENCIA (NU_AGENCIA, NO_AGENCIA, DT_ABERTURA, IC_SITUACAO) values (68, 'AGUWBKLBI1RU1YPI2TFCR1', sysdate, ' ');

insert into TB03_CLIENTE (CO_CLIENTE_CPF_CNPJ, CO_CLIENTE, NO_CLIENTE, TP_CLIENTE, IC_SITUACAO) values ('52712870949', 44163365, 'lsxrjmtdfmnwxkckmfthsekpfdnkxafjqjctogoumzfzxszrvy', ' ', ' ');

insert into TB02_CONTA (NU_AGENCIA, NU_CONTA, CO_CLIENTE_CPF_CNPJ, DT_ABERTURA) values (68, 35715444, '52712870949', sysdate);

insert into TB04_SALDO (NU_CHAVE_BURRA, NU_CONTA, NU_AGENCIA, DH_SALDO, VR_SALDO) values (3481, 35715444, 68, sysdate, 3889);

insert into TB05_ENDERECO (CO_ENDERECO, CO_CLIENTE_CPF_CNPJ, TP_ENDERECO, NO_LOGRADOURO, NO_NUMERO, NO_CIDADE, NO_ESTADO, CO_CEP) values (2267, '52712870949', ' ', 'TWDRVGAFGEGUVSEVHZPJEXSKXIZYIOWLMAIUYWUFDLVTWUUHIA', '1419736705 ', 'DUONGDGPXLVUUDXMEGWLRRIXRPEYSANBDYTBZJQF', '  ', '73015106');

insert into TB01_AGENCIA (NU_AGENCIA, NO_AGENCIA, DT_ABERTURA, IC_SITUACAO) values (69, 'AG2OF3LXJWYODUXKZRCSAJ', sysdate, ' ');

insert into TB03_CLIENTE (CO_CLIENTE_CPF_CNPJ, CO_CLIENTE, NO_CLIENTE, TP_CLIENTE, IC_SITUACAO) values ('03098320569', 35828269, 'hzngokvuetffzyrhtsnyklmkajomitjtcckalmyvnipwgcakud', ' ', ' ');

insert into TB02_CONTA (NU_AGENCIA, NU_CONTA, CO_CLIENTE_CPF_CNPJ, DT_ABERTURA) values (69, 21223367, '03098320569', sysdate);

insert into TB04_SALDO (NU_CHAVE_BURRA, NU_CONTA, NU_AGENCIA, DH_SALDO, VR_SALDO) values (3175, 21223367, 69, sysdate, 858);

insert into TB05_ENDERECO (CO_ENDERECO, CO_CLIENTE_CPF_CNPJ, TP_ENDERECO, NO_LOGRADOURO, NO_NUMERO, NO_CIDADE, NO_ESTADO, CO_CEP) values (2535, '03098320569', ' ', 'ZHHPUSKPKPQTDNZIHOTFGXGPVJGQKZEBYVRIXYIMNAPPVZQPNN', '7033476978 ', 'OCAZFDHYFOXAIWSNWKZSJFJJQIKACZFVIHVMSKHT', '  ', '73015106');

insert into TB01_AGENCIA (NU_AGENCIA, NO_AGENCIA, DT_ABERTURA, IC_SITUACAO) values (70, 'AGFIAVYNEIGNI5VUSUJJ5F', sysdate, ' ');

insert into TB03_CLIENTE (CO_CLIENTE_CPF_CNPJ, CO_CLIENTE, NO_CLIENTE, TP_CLIENTE, IC_SITUACAO) values ('18642566100', 2781838, 'mbnbzqxlgbftppcnnwabspfxqcojhkspwhmhmgyefbjrhouvqg', ' ', ' ');

insert into TB02_CONTA (NU_AGENCIA, NU_CONTA, CO_CLIENTE_CPF_CNPJ, DT_ABERTURA) values (70, 22268426, '18642566100', sysdate);

insert into TB04_SALDO (NU_CHAVE_BURRA, NU_CONTA, NU_AGENCIA, DH_SALDO, VR_SALDO) values (2862, 22268426, 70, sysdate, 4805);

insert into TB05_ENDERECO (CO_ENDERECO, CO_CLIENTE_CPF_CNPJ, TP_ENDERECO, NO_LOGRADOURO, NO_NUMERO, NO_CIDADE, NO_ESTADO, CO_CEP) values (2560, '18642566100', ' ', 'LGEHXFBQROYGUYLDFDBVMBTLZKDSEVFACDDSSMKCOERJTRJFDY', '5477543541 ', 'UPMCRVEIEAIEIZEPVWGRKTVSMYFPBSAGJOMHQACU', '  ', '73015106');

-- Grupo 6 - End 


